GMT_timestamp,local_timestamp,link,calibration
2022-04-18_00:53:15,2022-04-18_01:53:15,https://www.testable.org/experiment/8526/794296/start,1

rowNo,type,stim1,stimFormat,keyboard,method,timestamp,response,RT
5,test,result1_0,.jpeg,r f,Method1,38761,f,1282
6,test,result1_1,.jpeg,r f,Method1,39614,f,851
7,test,result1_2,.jpeg,r f,Method1,42385,r,2768
8,test,result1_3,.jpeg,r f,Method1,43342,r,955
9,test,result1_4,.jpeg,r f,Method1,44051,r,706
10,test,result1_5,.jpeg,r f,Method1,44952,r,898
11,test,result1_6,.jpeg,r f,Method1,45840,r,885
12,test,result1_7,.jpeg,r f,Method1,46514,f,672
13,test,result1_8,.jpeg,r f,Method1,47423,f,907
14,test,result1_9,.jpeg,r f,Method1,48977,r,1551
15,test,result1_10,.jpeg,r f,Method1,49833,f,853
16,test,result1_12,.jpeg,r f,Method1,51376,r,1540
17,test,result1_13,.jpeg,r f,Method1,52990,f,1611
18,test,result1_15,.jpeg,r f,Method1,53918,f,926
19,test,result1_16,.jpeg,r f,Method1,55282,f,1361
20,test,result1_18,.jpeg,r f,Method1,56011,f,726
21,test,result1_23,.jpeg,r f,Method1,58306,f,2293
22,test,result1_24,.jpeg,r f,Method1,58906,f,597
23,test,result1_29,.jpeg,r f,Method1,60406,f,1497
24,test,result1_27,.jpeg,r f,Method1,61573,r,1164
25,test,result1_30,.jpeg,r f,Method1,62234,r,658
26,test,result1_36,.jpeg,r f,Method1,62767,r,531
27,test,result1_37,.jpeg,r f,Method1,63509,r,740
28,test,result1_35,.jpeg,r f,Method1,64252,r,741
29,test,result1_38,.jpeg,r f,Method1,77317,r,13063
31,test,result2_0,.jpeg,r f,Method2,80930,f,838
32,test,result2_1,.jpeg,r f,Method2,82735,f,1802
33,test,result2_2,.jpeg,r f,Method2,83492,r,755
34,test,result2_3,.jpeg,r f,Method2,85842,f,2348
35,test,result2_4,.jpeg,r f,Method2,88489,f,2645
36,test,result2_5,.jpeg,r f,Method2,89055,f,564
37,test,result2_6,.jpeg,r f,Method2,89574,f,517
38,test,result2_7,.jpeg,r f,Method2,90547,f,970
39,test,result2_8,.jpeg,r f,Method2,91339,f,790
40,test,result2_9,.jpeg,r f,Method2,92854,r,1513
41,test,result2_10,.jpeg,r f,Method2,93387,r,531
42,test,result2_12,.jpeg,r f,Method2,94781,f,1392
43,test,result2_13,.jpeg,r f,Method2,95644,f,861
44,test,result2_15,.jpeg,r f,Method2,96538,f,892
45,test,result2_16,.jpeg,r f,Method2,97044,f,503
46,test,result2_18,.jpeg,r f,Method2,97702,f,656
47,test,result2_23,.jpeg,r f,Method2,98365,f,660
48,test,result2_24,.jpeg,r f,Method2,99159,f,791
49,test,result2_29,.jpeg,r f,Method2,100369,r,1207
50,test,result2_27,.jpeg,r f,Method2,101027,r,656
51,test,result2_30,.jpeg,r f,Method2,101571,r,541
52,test,result2_36,.jpeg,r f,Method2,102551,r,977
53,test,result2_37,.jpeg,r f,Method2,103106,r,553
54,test,result2_35,.jpeg,r f,Method2,103989,f,880
55,test,result2_38,.jpeg,r f,Method2,105113,r,1121
57,test,result3_0,.jpeg,r f,Method3,109140,r,1311
58,test,result3_1,.jpeg,r f,Method3,110745,r,1602
59,test,result3_2,.jpeg,r f,Method3,111375,r,628
60,test,result3_3,.jpeg,r f,Method3,111837,r,460
61,test,result3_4,.jpeg,r f,Method3,112293,r,454
62,test,result3_5,.jpeg,r f,Method3,112826,r,531
63,test,result3_6,.jpeg,r f,Method3,113325,r,497
64,test,result3_7,.jpeg,r f,Method3,113941,f,614
65,test,result3_8,.jpeg,r f,Method3,115068,f,1125
66,test,result3_9,.jpeg,r f,Method3,151502,f,36432
67,test,result3_10,.jpeg,r f,Method3,152187,f,683
68,test,result3_12,.jpeg,r f,Method3,152805,f,616
69,test,result3_13,.jpeg,r f,Method3,154206,r,1399
70,test,result3_15,.jpeg,r f,Method3,154846,f,638
71,test,result3_16,.jpeg,r f,Method3,155511,f,663
72,test,result3_18,.jpeg,r f,Method3,155993,f,480
73,test,result3_23,.jpeg,r f,Method3,156831,r,835
74,test,result3_24,.jpeg,r f,Method3,157606,r,773
75,test,result3_29,.jpeg,r f,Method3,158309,r,701
76,test,result3_27,.jpeg,r f,Method3,158816,r,505
77,test,result3_30,.jpeg,r f,Method3,159359,r,541
78,test,result3_36,.jpeg,r f,Method3,159834,r,472
79,test,result3_37,.jpeg,r f,Method3,160314,r,477
80,test,result3_35,.jpeg,r f,Method3,160980,f,664
81,test,result3_38,.jpeg,r f,Method3,161773,f,791
83,test,result4_0,.jpeg,r f,Method4,164978,r,2090
84,test,result4_1,.jpeg,r f,Method4,165658,r,677
85,test,result4_2,.jpeg,r f,Method4,166300,r,640
86,test,result4_3,.jpeg,r f,Method4,166810,r,508
87,test,result4_4,.jpeg,r f,Method4,167239,r,427
88,test,result4_5,.jpeg,r f,Method4,167684,r,443
89,test,result4_6,.jpeg,r f,Method4,168092,r,406
90,test,result4_7,.jpeg,r f,Method4,168606,r,512
91,test,result4_8,.jpeg,r f,Method4,169212,r,603
92,test,result4_9,.jpeg,r f,Method4,169680,r,466
93,test,result4_10,.jpeg,r f,Method4,170123,r,441
94,test,result4_12,.jpeg,r f,Method4,170875,r,749
95,test,result4_13,.jpeg,r f,Method4,171315,r,437
96,test,result4_15,.jpeg,r f,Method4,171745,r,428
97,test,result4_16,.jpeg,r f,Method4,172429,r,681
98,test,result4_18,.jpeg,r f,Method4,172968,r,536
99,test,result4_23,.jpeg,r f,Method4,173509,r,538
100,test,result4_24,.jpeg,r f,Method4,174196,r,684
101,test,result4_29,.jpeg,r f,Method4,174819,r,621
102,test,result4_27,.jpeg,r f,Method4,175396,r,575
103,test,result4_30,.jpeg,r f,Method4,175859,r,460
104,test,result4_36,.jpeg,r f,Method4,176314,r,452
105,test,result4_37,.jpeg,r f,Method4,176850,r,534
106,test,result4_35,.jpeg,r f,Method4,177356,r,503
107,test,result4_38,.jpeg,r f,Method4,178120,r,761
109,test,target_0,.jpeg,r f,Target,179692,r,509
110,test,target_1,.jpeg,r f,Target,180241,r,547
111,test,target_2,.jpeg,r f,Target,180782,r,539
112,test,target_3,.jpeg,r f,Target,181441,r,657
113,test,target_4,.jpeg,r f,Target,182022,r,579
114,test,target_5,.jpeg,r f,Target,182611,r,587
115,test,target_6,.jpeg,r f,Target,183082,r,469
116,test,target_7,.jpeg,r f,Target,183445,r,361
117,test,target_8,.jpeg,r f,Target,183831,r,384
118,test,target_9,.jpeg,r f,Target,184071,r,238
119,test,target_10,.jpeg,r f,Target,184274,r,201
120,test,target_12,.jpeg,r f,Target,184469,r,193
121,test,target_13,.jpeg,r f,Target,184655,r,184
122,test,target_15,.jpeg,r f,Target,184831,r,174
123,test,target_16,.jpeg,r f,Target,185002,r,169
124,test,target_18,.jpeg,r f,Target,185155,r,151
125,test,target_23,.jpeg,r f,Target,185574,r,417
126,test,target_24,.jpeg,r f,Target,185798,r,222
127,test,target_29,.jpeg,r f,Target,186053,r,253
128,test,target_27,.jpeg,r f,Target,186478,r,423
129,test,target_30,.jpeg,r f,Target,186827,r,347
130,test,target_36,.jpeg,r f,Target,187149,r,320
131,test,target_37,.jpeg,r f,Target,187521,r,370
132,test,target_35,.jpeg,r f,Target,187885,r,362
133,test,target_38,.jpeg,r f,Target,188324,r,437