GMT_timestamp,local_timestamp,link,calibration
2022-04-17_17:41:41,2022-04-17_18:41:41,https://www.testable.org/experiment/8526/794296/start,1

rowNo,type,stim1,stimFormat,keyboard,method,timestamp,response,RT
5,test,result1_0,.jpeg,r f,Method1,9608,f,495
6,test,result1_1,.jpeg,r f,Method1,9920,r,306
7,test,result1_2,.jpeg,r f,Method1,10168,f,244
8,test,result1_3,.jpeg,r f,Method1,10464,f,292
9,test,result1_4,.jpeg,r f,Method1,10680,f,212
10,test,result1_5,.jpeg,r f,Method1,10944,r,260
11,test,result1_6,.jpeg,r f,Method1,11167,f,220
12,test,result1_7,.jpeg,r f,Method1,11424,f,252
13,test,result1_8,.jpeg,r f,Method1,12240,f,812
14,test,result1_9,.jpeg,r f,Method1,12408,f,164
15,test,result1_10,.jpeg,r f,Method1,12768,f,356
16,test,result1_12,.jpeg,r f,Method1,13368,f,597
17,test,result1_13,.jpeg,r f,Method1,14008,f,635
18,test,result1_15,.jpeg,r f,Method1,14576,f,564
19,test,result1_16,.jpeg,r f,Method1,14856,f,276
20,test,result1_18,.jpeg,r f,Method1,15568,f,708
21,test,result1_23,.jpeg,r f,Method1,16016,f,444
22,test,result1_24,.jpeg,r f,Method1,16192,f,173
23,test,result1_29,.jpeg,r f,Method1,17800,f,1605
24,test,result1_27,.jpeg,r f,Method1,17928,f,124
25,test,result1_30,.jpeg,r f,Method1,18088,f,156
26,test,result1_36,.jpeg,r f,Method1,18704,r,612
27,test,result1_37,.jpeg,r f,Method1,19168,r,460
28,test,result1_35,.jpeg,r f,Method1,19456,r,284
29,test,result1_38,.jpeg,r f,Method1,19672,r,212
31,test,result2_0,.jpeg,r f,Method2,21160,f,664
32,test,result2_1,.jpeg,r f,Method2,21360,f,196
33,test,result2_2,.jpeg,r f,Method2,21464,r,100
34,test,result2_3,.jpeg,r f,Method2,21584,f,116
35,test,result2_4,.jpeg,r f,Method2,21728,r,140
36,test,result2_5,.jpeg,r f,Method2,21872,f,141
37,test,result2_6,.jpeg,r f,Method2,22256,f,381
38,test,result2_7,.jpeg,r f,Method2,22448,f,188
39,test,result2_8,.jpeg,r f,Method2,22712,f,259
40,test,result2_9,.jpeg,r f,Method2,23104,f,388
41,test,result2_10,.jpeg,r f,Method2,23320,f,212
42,test,result2_12,.jpeg,r f,Method2,23656,f,332
43,test,result2_13,.jpeg,r f,Method2,23816,r,156
44,test,result2_15,.jpeg,r f,Method2,24112,f,293
45,test,result2_16,.jpeg,r f,Method2,24288,f,172
46,test,result2_18,.jpeg,r f,Method2,24456,f,164
47,test,result2_23,.jpeg,r f,Method2,24856,f,396
48,test,result2_24,.jpeg,r f,Method2,25048,f,188
49,test,result2_29,.jpeg,r f,Method2,25304,f,252
50,test,result2_27,.jpeg,r f,Method2,26232,f,924
51,test,result2_30,.jpeg,r f,Method2,26480,f,244
52,test,result2_36,.jpeg,r f,Method2,26720,f,236
53,test,result2_37,.jpeg,r f,Method2,26880,f,155
54,test,result2_35,.jpeg,r f,Method2,27032,f,148
55,test,result2_38,.jpeg,r f,Method2,27216,r,180
57,test,result3_0,.jpeg,r f,Method3,28480,f,242
58,test,result3_1,.jpeg,r f,Method3,28840,r,356
59,test,result3_2,.jpeg,r f,Method3,29201,f,357
60,test,result3_3,.jpeg,r f,Method3,29359,f,155
61,test,result3_4,.jpeg,r f,Method3,29592,f,229
62,test,result3_5,.jpeg,r f,Method3,29816,f,220
63,test,result3_6,.jpeg,r f,Method3,30048,f,228
64,test,result3_7,.jpeg,r f,Method3,30456,r,404
65,test,result3_8,.jpeg,r f,Method3,30792,f,332
66,test,result3_9,.jpeg,r f,Method3,30952,r,156
67,test,result3_10,.jpeg,r f,Method3,31232,f,276
68,test,result3_12,.jpeg,r f,Method3,31392,r,157
69,test,result3_13,.jpeg,r f,Method3,31600,r,204
70,test,result3_15,.jpeg,r f,Method3,31704,f,100
71,test,result3_16,.jpeg,r f,Method3,31920,f,212
72,test,result3_18,.jpeg,r f,Method3,32144,r,221
73,test,result3_23,.jpeg,r f,Method3,32328,r,180
74,test,result3_24,.jpeg,r f,Method3,32448,f,117
75,test,result3_29,.jpeg,r f,Method3,32752,f,300
76,test,result3_27,.jpeg,r f,Method3,32968,f,212
77,test,result3_30,.jpeg,r f,Method3,33248,r,276
78,test,result3_36,.jpeg,r f,Method3,33575,f,323
79,test,result3_37,.jpeg,r f,Method3,33952,f,372
80,test,result3_35,.jpeg,r f,Method3,34536,f,580
81,test,result3_38,.jpeg,r f,Method3,34760,f,219
83,test,result4_0,.jpeg,r f,Method4,37296,r,1777
84,test,result4_1,.jpeg,r f,Method4,37984,f,685
85,test,result4_2,.jpeg,r f,Method4,42456,r,4469
86,test,result4_3,.jpeg,r f,Method4,44072,r,1612
87,test,result4_4,.jpeg,r f,Method4,44872,f,796
88,test,result4_5,.jpeg,r f,Method4,46344,r,1468
89,test,result4_6,.jpeg,r f,Method4,46872,f,524
90,test,result4_7,.jpeg,r f,Method4,47408,f,532
91,test,result4_8,.jpeg,r f,Method4,47600,f,188
92,test,result4_9,.jpeg,r f,Method4,47808,f,204
93,test,result4_10,.jpeg,r f,Method4,48000,r,188
94,test,result4_12,.jpeg,r f,Method4,48336,r,333
95,test,result4_13,.jpeg,r f,Method4,48536,f,196
96,test,result4_15,.jpeg,r f,Method4,48696,r,156
97,test,result4_16,.jpeg,r f,Method4,48992,r,292
98,test,result4_18,.jpeg,r f,Method4,49160,f,164
99,test,result4_23,.jpeg,r f,Method4,49528,r,364
100,test,result4_24,.jpeg,r f,Method4,49712,r,180
101,test,result4_29,.jpeg,r f,Method4,49848,f,132
102,test,result4_27,.jpeg,r f,Method4,50160,r,308
103,test,result4_30,.jpeg,r f,Method4,50336,r,172
104,test,result4_36,.jpeg,r f,Method4,50608,f,268
105,test,result4_37,.jpeg,r f,Method4,51080,r,468
106,test,result4_35,.jpeg,r f,Method4,51312,f,228
107,test,result4_38,.jpeg,r f,Method4,51544,r,228
109,test,target_0,.jpeg,r f,Target,53208,r,401
110,test,target_1,.jpeg,r f,Target,54056,r,844
111,test,target_2,.jpeg,r f,Target,54216,r,156
112,test,target_3,.jpeg,r f,Target,54408,r,188
113,test,target_4,.jpeg,r f,Target,54656,r,244
114,test,target_5,.jpeg,r f,Target,54760,f,100
115,test,target_6,.jpeg,r f,Target,54928,r,164
116,test,target_7,.jpeg,r f,Target,55232,f,300
117,test,target_8,.jpeg,r f,Target,55880,r,644
118,test,target_9,.jpeg,r f,Target,56032,r,148
119,test,target_10,.jpeg,r f,Target,56544,r,508
120,test,target_12,.jpeg,r f,Target,56688,r,139
121,test,target_13,.jpeg,r f,Target,56864,r,172
122,test,target_15,.jpeg,r f,Target,57272,f,404
123,test,target_16,.jpeg,r f,Target,57784,r,508
124,test,target_18,.jpeg,r f,Target,58040,r,252
125,test,target_23,.jpeg,r f,Target,58216,r,172
126,test,target_24,.jpeg,r f,Target,58408,f,188
127,test,target_29,.jpeg,r f,Target,58688,r,276
128,test,target_27,.jpeg,r f,Target,58888,r,196
129,test,target_30,.jpeg,r f,Target,59072,r,180
130,test,target_36,.jpeg,r f,Target,59248,r,171
131,test,target_37,.jpeg,r f,Target,59416,r,164
132,test,target_35,.jpeg,r f,Target,59584,r,164
133,test,target_38,.jpeg,r f,Target,59752,r,165