GMT_timestamp,local_timestamp,link,calibration
2022-04-17_17:53:41,2022-04-17_18:53:41,https://www.testable.org/experiment/8526/794296/start,0.73

rowNo,type,stim1,stimFormat,keyboard,method,timestamp,response,RT
5,test,result1_0,.jpeg,r f,Method1,102724,f,4905
6,test,result1_1,.jpeg,r f,Method1,105015,f,2284
7,test,result1_2,.jpeg,r f,Method1,107197,f,2178
8,test,result1_3,.jpeg,r f,Method1,109813,f,2611
9,test,result1_4,.jpeg,r f,Method1,112329,r,2511
10,test,result1_5,.jpeg,r f,Method1,114151,f,1816
11,test,result1_6,.jpeg,r f,Method1,116094,r,1937
12,test,result1_7,.jpeg,r f,Method1,117287,f,1188
13,test,result1_8,.jpeg,r f,Method1,118473,f,1180
14,test,result1_9,.jpeg,r f,Method1,119455,r,978
15,test,result1_10,.jpeg,r f,Method1,120670,f,1210
16,test,result1_12,.jpeg,r f,Method1,121512,r,837
17,test,result1_13,.jpeg,r f,Method1,127465,r,5949
18,test,result1_15,.jpeg,r f,Method1,129382,f,1913
19,test,result1_16,.jpeg,r f,Method1,130981,f,1596
20,test,result1_18,.jpeg,r f,Method1,135001,f,4016
21,test,result1_23,.jpeg,r f,Method1,136661,r,1656
22,test,result1_24,.jpeg,r f,Method1,137662,f,998
23,test,result1_29,.jpeg,r f,Method1,138979,r,1312
24,test,result1_27,.jpeg,r f,Method1,139988,r,1005
25,test,result1_30,.jpeg,r f,Method1,141045,r,1053
26,test,result1_36,.jpeg,r f,Method1,142516,f,1466
27,test,result1_37,.jpeg,r f,Method1,143935,r,1414
28,test,result1_35,.jpeg,r f,Method1,144898,f,959
29,test,result1_38,.jpeg,r f,Method1,146482,r,1580
31,test,result2_0,.jpeg,r f,Method2,156426,f,2539
32,test,result2_1,.jpeg,r f,Method2,158503,f,2071
33,test,result2_2,.jpeg,r f,Method2,159796,r,1290
34,test,result2_3,.jpeg,r f,Method2,161408,r,1608
35,test,result2_4,.jpeg,r f,Method2,163059,r,1646
36,test,result2_5,.jpeg,r f,Method2,165076,f,2012
37,test,result2_6,.jpeg,r f,Method2,167620,r,2540
38,test,result2_7,.jpeg,r f,Method2,168398,f,774
39,test,result2_8,.jpeg,r f,Method2,170815,f,2413
40,test,result2_9,.jpeg,r f,Method2,172877,r,2058
41,test,result2_10,.jpeg,r f,Method2,177151,r,4271
42,test,result2_12,.jpeg,r f,Method2,178285,r,1129
43,test,result2_13,.jpeg,r f,Method2,179914,r,1625
44,test,result2_15,.jpeg,r f,Method2,181495,f,1578
45,test,result2_16,.jpeg,r f,Method2,182516,f,1017
46,test,result2_18,.jpeg,r f,Method2,187305,f,4786
47,test,result2_23,.jpeg,r f,Method2,188457,r,1147
48,test,result2_24,.jpeg,r f,Method2,190263,f,1802
49,test,result2_29,.jpeg,r f,Method2,191325,r,1058
50,test,result2_27,.jpeg,r f,Method2,192246,r,918
51,test,result2_30,.jpeg,r f,Method2,195147,r,2896
52,test,result2_36,.jpeg,r f,Method2,196534,r,1384
53,test,result2_37,.jpeg,r f,Method2,197539,r,1001
54,test,result2_35,.jpeg,r f,Method2,198725,f,1182
55,test,result2_38,.jpeg,r f,Method2,201118,r,2388
57,test,result3_0,.jpeg,r f,Method3,203701,f,1339
58,test,result3_1,.jpeg,r f,Method3,205488,r,1783
59,test,result3_2,.jpeg,r f,Method3,208241,r,2749
60,test,result3_3,.jpeg,r f,Method3,209090,r,845
61,test,result3_4,.jpeg,r f,Method3,210107,r,1014
62,test,result3_5,.jpeg,r f,Method3,211111,f,1001
63,test,result3_6,.jpeg,r f,Method3,211899,r,785
64,test,result3_7,.jpeg,r f,Method3,213571,f,1668
65,test,result3_8,.jpeg,r f,Method3,222048,f,8473
66,test,result3_9,.jpeg,r f,Method3,227187,r,5135
67,test,result3_10,.jpeg,r f,Method3,243048,f,15857
68,test,result3_12,.jpeg,r f,Method3,245458,f,2407
69,test,result3_13,.jpeg,r f,Method3,246224,r,761
70,test,result3_15,.jpeg,r f,Method3,247173,f,944
71,test,result3_16,.jpeg,r f,Method3,248377,f,1201
72,test,result3_18,.jpeg,r f,Method3,250299,f,1917
73,test,result3_23,.jpeg,r f,Method3,251183,r,880
74,test,result3_24,.jpeg,r f,Method3,252607,r,1420
75,test,result3_29,.jpeg,r f,Method3,253281,r,670
76,test,result3_27,.jpeg,r f,Method3,253975,r,691
77,test,result3_30,.jpeg,r f,Method3,260043,f,6066
78,test,result3_36,.jpeg,r f,Method3,260746,r,699
79,test,result3_37,.jpeg,r f,Method3,261514,r,764
80,test,result3_35,.jpeg,r f,Method3,263208,r,1689
81,test,result3_38,.jpeg,r f,Method3,264435,r,1223
83,test,result4_0,.jpeg,r f,Method4,267525,r,1656
84,test,result4_1,.jpeg,r f,Method4,269215,r,1686
85,test,result4_2,.jpeg,r f,Method4,270004,r,784
86,test,result4_3,.jpeg,r f,Method4,271035,r,1028
87,test,result4_4,.jpeg,r f,Method4,271847,r,808
88,test,result4_5,.jpeg,r f,Method4,272789,r,938
89,test,result4_6,.jpeg,r f,Method4,273705,r,912
90,test,result4_7,.jpeg,r f,Method4,276707,r,2998
91,test,result4_8,.jpeg,r f,Method4,278401,r,1691
92,test,result4_9,.jpeg,r f,Method4,279161,r,756
93,test,result4_10,.jpeg,r f,Method4,280270,r,1106
94,test,result4_12,.jpeg,r f,Method4,281073,r,798
95,test,result4_13,.jpeg,r f,Method4,281809,r,732
96,test,result4_15,.jpeg,r f,Method4,284389,f,2575
97,test,result4_16,.jpeg,r f,Method4,286082,r,1689
98,test,result4_18,.jpeg,r f,Method4,287533,r,1447
99,test,result4_23,.jpeg,r f,Method4,288617,r,1079
100,test,result4_24,.jpeg,r f,Method4,289429,r,808
101,test,result4_29,.jpeg,r f,Method4,290255,r,822
102,test,result4_27,.jpeg,r f,Method4,290973,r,713
103,test,result4_30,.jpeg,r f,Method4,295583,r,4606
104,test,result4_36,.jpeg,r f,Method4,296323,r,735
105,test,result4_37,.jpeg,r f,Method4,297090,r,763
106,test,result4_35,.jpeg,r f,Method4,298859,r,1764
107,test,result4_38,.jpeg,r f,Method4,299859,r,996
109,test,target_0,.jpeg,r f,Target,338416,r,4016
110,test,target_1,.jpeg,r f,Target,339313,r,892
111,test,target_2,.jpeg,r f,Target,341529,r,2213
112,test,target_3,.jpeg,r f,Target,343471,r,1939
113,test,target_4,.jpeg,r f,Target,344374,r,899
114,test,target_5,.jpeg,r f,Target,345105,r,727
115,test,target_6,.jpeg,r f,Target,347268,r,2158
116,test,target_7,.jpeg,r f,Target,348209,r,936
117,test,target_8,.jpeg,r f,Target,348789,r,576
118,test,target_9,.jpeg,r f,Target,349826,r,1033
119,test,target_10,.jpeg,r f,Target,350350,r,520
120,test,target_12,.jpeg,r f,Target,366973,r,16620
121,test,target_13,.jpeg,r f,Target,367679,r,702
122,test,target_15,.jpeg,r f,Target,368925,r,1241
123,test,target_16,.jpeg,r f,Target,369814,r,886
124,test,target_18,.jpeg,r f,Target,370538,r,721
125,test,target_23,.jpeg,r f,Target,371086,r,544
126,test,target_24,.jpeg,r f,Target,372017,r,926
127,test,target_29,.jpeg,r f,Target,372791,r,770
128,test,target_27,.jpeg,r f,Target,373412,r,615
129,test,target_30,.jpeg,r f,Target,373932,r,515
130,test,target_36,.jpeg,r f,Target,374387,r,451
131,test,target_37,.jpeg,r f,Target,375095,r,705
132,test,target_35,.jpeg,r f,Target,375561,r,461
133,test,target_38,.jpeg,r f,Target,376143,r,578