GMT_timestamp,local_timestamp,link,calibration
2022-04-18_15:20:17,2022-04-18_16:20:17,https://www.testable.org/experiment/8526/794296/start,0.88

rowNo,type,stim1,stimFormat,keyboard,method,timestamp,response,RT
5,test,result1_0,.jpeg,r f,Method1,77131,f,1705
6,test,result1_1,.jpeg,r f,Method1,78080,f,945
7,test,result1_2,.jpeg,r f,Method1,82436,f,4353
8,test,result1_3,.jpeg,r f,Method1,85228,r,2789
9,test,result1_4,.jpeg,r f,Method1,86786,f,1554
10,test,result1_5,.jpeg,r f,Method1,87655,f,864
11,test,result1_6,.jpeg,r f,Method1,95281,r,7623
12,test,result1_7,.jpeg,r f,Method1,96222,f,938
13,test,result1_8,.jpeg,r f,Method1,99811,r,3586
14,test,result1_9,.jpeg,r f,Method1,101657,r,1843
15,test,result1_10,.jpeg,r f,Method1,102464,f,804
16,test,result1_12,.jpeg,r f,Method1,104361,r,1895
17,test,result1_13,.jpeg,r f,Method1,105470,f,1106
18,test,result1_15,.jpeg,r f,Method1,109034,f,3561
19,test,result1_16,.jpeg,r f,Method1,115020,r,5983
20,test,result1_18,.jpeg,r f,Method1,117417,f,2394
21,test,result1_23,.jpeg,r f,Method1,119055,f,1635
22,test,result1_24,.jpeg,r f,Method1,122591,f,3533
23,test,result1_29,.jpeg,r f,Method1,124630,f,2036
24,test,result1_27,.jpeg,r f,Method1,126101,r,1469
25,test,result1_30,.jpeg,r f,Method1,127454,r,1350
26,test,result1_36,.jpeg,r f,Method1,130386,f,2929
27,test,result1_37,.jpeg,r f,Method1,132811,r,2421
28,test,result1_35,.jpeg,r f,Method1,134811,r,1997
29,test,result1_38,.jpeg,r f,Method1,138392,f,3578
31,test,result2_0,.jpeg,r f,Method2,143696,f,2185
32,test,result2_1,.jpeg,r f,Method2,144462,f,763
33,test,result2_2,.jpeg,r f,Method2,147036,r,2571
34,test,result2_3,.jpeg,r f,Method2,149112,r,2073
35,test,result2_4,.jpeg,r f,Method2,150497,f,1382
36,test,result2_5,.jpeg,r f,Method2,152386,r,1886
37,test,result2_6,.jpeg,r f,Method2,154050,r,1661
38,test,result2_7,.jpeg,r f,Method2,157168,r,3115
39,test,result2_8,.jpeg,r f,Method2,159063,r,1892
40,test,result2_9,.jpeg,r f,Method2,160871,r,1804
41,test,result2_10,.jpeg,r f,Method2,170405,f,9531
42,test,result2_12,.jpeg,r f,Method2,175968,r,5560
43,test,result2_13,.jpeg,r f,Method2,177626,r,1655
44,test,result2_15,.jpeg,r f,Method2,181654,r,4025
45,test,result2_16,.jpeg,r f,Method2,183519,r,1863
46,test,result2_18,.jpeg,r f,Method2,185985,f,2464
47,test,result2_23,.jpeg,r f,Method2,190192,r,4204
48,test,result2_24,.jpeg,r f,Method2,192913,r,2718
49,test,result2_29,.jpeg,r f,Method2,194413,r,1498
50,test,result2_27,.jpeg,r f,Method2,197327,f,2910
51,test,result2_30,.jpeg,r f,Method2,198890,r,1561
52,test,result2_36,.jpeg,r f,Method2,200975,r,2081
53,test,result2_37,.jpeg,r f,Method2,202251,r,1274
54,test,result2_35,.jpeg,r f,Method2,203569,r,1314
55,test,result2_38,.jpeg,r f,Method2,208312,r,4741
57,test,result3_0,.jpeg,r f,Method3,218422,r,8008
58,test,result3_1,.jpeg,r f,Method3,221327,f,2902
59,test,result3_2,.jpeg,r f,Method3,225058,r,3727
60,test,result3_3,.jpeg,r f,Method3,226311,r,1250
61,test,result3_4,.jpeg,r f,Method3,231745,r,5431
62,test,result3_5,.jpeg,r f,Method3,234553,f,2805
63,test,result3_6,.jpeg,r f,Method3,235997,r,1442
64,test,result3_7,.jpeg,r f,Method3,237528,r,1529
65,test,result3_8,.jpeg,r f,Method3,243695,r,6164
66,test,result3_9,.jpeg,r f,Method3,245637,f,1939
67,test,result3_10,.jpeg,r f,Method3,247132,f,1492
68,test,result3_12,.jpeg,r f,Method3,248235,f,1100
69,test,result3_13,.jpeg,r f,Method3,249122,r,884
70,test,result3_15,.jpeg,r f,Method3,252906,f,3781
71,test,result3_16,.jpeg,r f,Method3,253810,f,900
72,test,result3_18,.jpeg,r f,Method3,255632,f,1819
73,test,result3_23,.jpeg,r f,Method3,256974,f,1339
74,test,result3_24,.jpeg,r f,Method3,258104,r,1127
75,test,result3_29,.jpeg,r f,Method3,260982,r,2875
76,test,result3_27,.jpeg,r f,Method3,262391,r,1407
77,test,result3_30,.jpeg,r f,Method3,263303,r,909
78,test,result3_36,.jpeg,r f,Method3,264241,r,935
79,test,result3_37,.jpeg,r f,Method3,266032,r,1788
80,test,result3_35,.jpeg,r f,Method3,267836,r,1800
81,test,result3_38,.jpeg,r f,Method3,268873,f,1034
83,test,result4_0,.jpeg,r f,Method4,272717,r,1670
84,test,result4_1,.jpeg,r f,Method4,273787,f,1067
85,test,result4_2,.jpeg,r f,Method4,275011,r,1221
86,test,result4_3,.jpeg,r f,Method4,275966,r,952
87,test,result4_4,.jpeg,r f,Method4,277487,r,1519
88,test,result4_5,.jpeg,r f,Method4,280086,r,2596
89,test,result4_6,.jpeg,r f,Method4,281095,r,1006
90,test,result4_7,.jpeg,r f,Method4,281982,f,885
91,test,result4_8,.jpeg,r f,Method4,282980,r,995
92,test,result4_9,.jpeg,r f,Method4,284162,r,1179
93,test,result4_10,.jpeg,r f,Method4,285265,f,1100
94,test,result4_12,.jpeg,r f,Method4,286690,r,1422
95,test,result4_13,.jpeg,r f,Method4,287964,r,1272
96,test,result4_15,.jpeg,r f,Method4,289253,f,1286
97,test,result4_16,.jpeg,r f,Method4,290368,f,1112
98,test,result4_18,.jpeg,r f,Method4,291569,r,1198
99,test,result4_23,.jpeg,r f,Method4,292998,r,1426
100,test,result4_24,.jpeg,r f,Method4,294062,r,1062
101,test,result4_29,.jpeg,r f,Method4,295054,f,989
102,test,result4_27,.jpeg,r f,Method4,296094,r,1034
103,test,result4_30,.jpeg,r f,Method4,297105,r,1008
104,test,result4_36,.jpeg,r f,Method4,298754,r,1646
105,test,result4_37,.jpeg,r f,Method4,299711,r,955
106,test,result4_35,.jpeg,r f,Method4,300685,r,972
107,test,result4_38,.jpeg,r f,Method4,304138,f,3449
109,test,target_0,.jpeg,r f,Target,307117,r,1302
110,test,target_1,.jpeg,r f,Target,308031,r,912
111,test,target_2,.jpeg,r f,Target,308803,r,769
112,test,target_3,.jpeg,r f,Target,309516,r,710
113,test,target_4,.jpeg,r f,Target,310435,r,915
114,test,target_5,.jpeg,r f,Target,312259,r,1822
115,test,target_6,.jpeg,r f,Target,313284,r,1022
116,test,target_7,.jpeg,r f,Target,314211,r,924
117,test,target_8,.jpeg,r f,Target,315775,r,1561
118,test,target_9,.jpeg,r f,Target,316424,r,646
119,test,target_10,.jpeg,r f,Target,317146,r,719
120,test,target_12,.jpeg,r f,Target,317807,r,658
121,test,target_13,.jpeg,r f,Target,318761,r,952
122,test,target_15,.jpeg,r f,Target,319588,r,824
123,test,target_16,.jpeg,r f,Target,320771,r,1181
124,test,target_18,.jpeg,r f,Target,321800,r,1026
125,test,target_23,.jpeg,r f,Target,322977,r,1174
126,test,target_24,.jpeg,r f,Target,324051,r,1071
127,test,target_29,.jpeg,r f,Target,324803,r,750
128,test,target_27,.jpeg,r f,Target,325679,r,873
129,test,target_30,.jpeg,r f,Target,326496,r,815
130,test,target_36,.jpeg,r f,Target,327161,r,662
131,test,target_37,.jpeg,r f,Target,328152,r,989
132,test,target_35,.jpeg,r f,Target,329110,r,955
133,test,target_38,.jpeg,r f,Target,330050,r,936