GMT_timestamp,local_timestamp,link,calibration
2022-04-18_12:48:05,2022-04-18_13:48:05,https://www.testable.org/experiment/8526/794296/start,1

rowNo,type,stim1,stimFormat,keyboard,method,timestamp,response,RT
5,test,result1_0,.jpeg,r f,Method1,21290,f,4094
6,test,result1_1,.jpeg,r f,Method1,22121,f,826
7,test,result1_2,.jpeg,r f,Method1,25591,r,3466
8,test,result1_3,.jpeg,r f,Method1,26576,r,981
9,test,result1_4,.jpeg,r f,Method1,28245,r,1666
10,test,result1_5,.jpeg,r f,Method1,35667,r,7419
11,test,result1_6,.jpeg,r f,Method1,37992,r,2322
12,test,result1_7,.jpeg,r f,Method1,41570,f,3574
13,test,result1_8,.jpeg,r f,Method1,53841,f,12269
14,test,result1_9,.jpeg,r f,Method1,54946,r,1101
15,test,result1_10,.jpeg,r f,Method1,56037,f,1088
16,test,result1_12,.jpeg,r f,Method1,57918,r,1877
17,test,result1_13,.jpeg,r f,Method1,60980,f,3059
18,test,result1_15,.jpeg,r f,Method1,62796,f,1813
19,test,result1_16,.jpeg,r f,Method1,75989,r,13190
20,test,result1_18,.jpeg,r f,Method1,80453,f,4461
21,test,result1_23,.jpeg,r f,Method1,81685,f,1229
22,test,result1_24,.jpeg,r f,Method1,83421,f,1733
23,test,result1_29,.jpeg,r f,Method1,84540,f,1116
24,test,result1_27,.jpeg,r f,Method1,85690,r,1146
25,test,result1_30,.jpeg,r f,Method1,86988,r,1296
26,test,result1_36,.jpeg,r f,Method1,95582,f,8590
27,test,result1_37,.jpeg,r f,Method1,97158,r,1573
28,test,result1_35,.jpeg,r f,Method1,98903,f,1742
29,test,result1_38,.jpeg,r f,Method1,100039,r,1133
31,test,result2_0,.jpeg,r f,Method2,106541,r,2292
32,test,result2_1,.jpeg,r f,Method2,107415,f,872
33,test,result2_2,.jpeg,r f,Method2,109469,r,2051
34,test,result2_3,.jpeg,r f,Method2,110312,r,840
35,test,result2_4,.jpeg,r f,Method2,111649,f,1335
36,test,result2_5,.jpeg,r f,Method2,116727,r,5074
37,test,result2_6,.jpeg,r f,Method2,119501,r,2772
38,test,result2_7,.jpeg,r f,Method2,120343,f,839
39,test,result2_8,.jpeg,r f,Method2,123066,r,2720
40,test,result2_9,.jpeg,r f,Method2,124063,r,994
41,test,result2_10,.jpeg,r f,Method2,125172,f,1106
42,test,result2_12,.jpeg,r f,Method2,127563,r,2388
43,test,result2_13,.jpeg,r f,Method2,128754,r,1189
44,test,result2_15,.jpeg,r f,Method2,132666,f,3908
45,test,result2_16,.jpeg,r f,Method2,134524,f,1855
46,test,result2_18,.jpeg,r f,Method2,136400,f,1873
47,test,result2_23,.jpeg,r f,Method2,137576,f,1173
48,test,result2_24,.jpeg,r f,Method2,138470,r,892
49,test,result2_29,.jpeg,r f,Method2,139485,r,1013
50,test,result2_27,.jpeg,r f,Method2,140488,r,1000
51,test,result2_30,.jpeg,r f,Method2,141340,r,848
52,test,result2_36,.jpeg,r f,Method2,142533,r,1191
53,test,result2_37,.jpeg,r f,Method2,143547,r,1011
54,test,result2_35,.jpeg,r f,Method2,146384,f,2834
55,test,result2_38,.jpeg,r f,Method2,147576,r,1189
57,test,result3_0,.jpeg,r f,Method3,152342,r,1855
58,test,result3_1,.jpeg,r f,Method3,154524,r,2179
59,test,result3_2,.jpeg,r f,Method3,155288,r,761
60,test,result3_3,.jpeg,r f,Method3,156059,r,768
61,test,result3_4,.jpeg,r f,Method3,157665,r,1604
62,test,result3_5,.jpeg,r f,Method3,158801,r,1133
63,test,result3_6,.jpeg,r f,Method3,159641,r,837
64,test,result3_7,.jpeg,r f,Method3,160667,r,1024
65,test,result3_8,.jpeg,r f,Method3,161593,r,923
66,test,result3_9,.jpeg,r f,Method3,164535,f,2939
67,test,result3_10,.jpeg,r f,Method3,166620,f,2082
68,test,result3_12,.jpeg,r f,Method3,168365,r,1742
69,test,result3_13,.jpeg,r f,Method3,169288,r,920
70,test,result3_15,.jpeg,r f,Method3,172955,r,3665
71,test,result3_16,.jpeg,r f,Method3,174515,r,1557
72,test,result3_18,.jpeg,r f,Method3,176966,r,2447
73,test,result3_23,.jpeg,r f,Method3,177975,f,1006
74,test,result3_24,.jpeg,r f,Method3,179228,r,1251
75,test,result3_29,.jpeg,r f,Method3,180396,r,1164
76,test,result3_27,.jpeg,r f,Method3,181107,r,708
77,test,result3_30,.jpeg,r f,Method3,181703,r,594
78,test,result3_36,.jpeg,r f,Method3,182771,r,1065
79,test,result3_37,.jpeg,r f,Method3,183805,r,1031
80,test,result3_35,.jpeg,r f,Method3,184848,r,1041
81,test,result3_38,.jpeg,r f,Method3,188809,r,3958
83,test,result4_0,.jpeg,r f,Method4,192212,r,1161
84,test,result4_1,.jpeg,r f,Method4,193158,r,943
85,test,result4_2,.jpeg,r f,Method4,193916,r,755
86,test,result4_3,.jpeg,r f,Method4,194951,r,1032
87,test,result4_4,.jpeg,r f,Method4,195680,r,726
88,test,result4_5,.jpeg,r f,Method4,196453,r,770
89,test,result4_6,.jpeg,r f,Method4,197296,r,841
90,test,result4_7,.jpeg,r f,Method4,198264,r,964
91,test,result4_8,.jpeg,r f,Method4,199748,r,1482
92,test,result4_9,.jpeg,r f,Method4,200528,r,777
93,test,result4_10,.jpeg,r f,Method4,201389,r,859
94,test,result4_12,.jpeg,r f,Method4,202086,r,694
95,test,result4_13,.jpeg,r f,Method4,202766,r,678
96,test,result4_15,.jpeg,r f,Method4,203831,r,1063
97,test,result4_16,.jpeg,r f,Method4,204604,r,769
98,test,result4_18,.jpeg,r f,Method4,205315,r,709
99,test,result4_23,.jpeg,r f,Method4,206545,r,1228
100,test,result4_24,.jpeg,r f,Method4,207657,r,1110
101,test,result4_29,.jpeg,r f,Method4,208480,r,820
102,test,result4_27,.jpeg,r f,Method4,209181,r,698
103,test,result4_30,.jpeg,r f,Method4,209769,r,586
104,test,result4_36,.jpeg,r f,Method4,210740,r,968
105,test,result4_37,.jpeg,r f,Method4,211693,r,950
106,test,result4_35,.jpeg,r f,Method4,212461,r,766
107,test,result4_38,.jpeg,r f,Method4,213376,r,912
109,test,target_0,.jpeg,r f,Target,216133,r,896
110,test,target_1,.jpeg,r f,Target,216773,r,637
111,test,target_2,.jpeg,r f,Target,217271,r,495
112,test,target_3,.jpeg,r f,Target,217713,r,439
113,test,target_4,.jpeg,r f,Target,218098,r,382
114,test,target_5,.jpeg,r f,Target,218482,r,381
115,test,target_6,.jpeg,r f,Target,218877,r,392
116,test,target_7,.jpeg,r f,Target,219605,r,726
117,test,target_8,.jpeg,r f,Target,220015,r,407
118,test,target_9,.jpeg,r f,Target,220353,r,335
119,test,target_10,.jpeg,r f,Target,220794,r,438
120,test,target_12,.jpeg,r f,Target,221205,r,408
121,test,target_13,.jpeg,r f,Target,221632,r,424
122,test,target_15,.jpeg,r f,Target,222169,r,535
123,test,target_16,.jpeg,r f,Target,222666,r,494
124,test,target_18,.jpeg,r f,Target,223351,r,682
125,test,target_23,.jpeg,r f,Target,223863,r,509
126,test,target_24,.jpeg,r f,Target,224360,r,494
127,test,target_29,.jpeg,r f,Target,224896,r,533
128,test,target_27,.jpeg,r f,Target,225423,r,524
129,test,target_30,.jpeg,r f,Target,225869,r,443
130,test,target_36,.jpeg,r f,Target,226251,r,379
131,test,target_37,.jpeg,r f,Target,226737,r,483
132,test,target_35,.jpeg,r f,Target,227159,r,420
133,test,target_38,.jpeg,r f,Target,230571,r,3409