GMT_timestamp,local_timestamp,link,calibration
2022-04-18_22:37:29,2022-04-18_23:37:29,https://www.testable.org/experiment/8526/794296/start,0.79

rowNo,type,stim1,stimFormat,keyboard,method,timestamp,response,RT
5,test,result1_0,.jpeg,r f,Method1,135119,f,3738
6,test,result1_1,.jpeg,r f,Method1,143608,f,8485
7,test,result1_2,.jpeg,r f,Method1,149025,r,5414
8,test,result1_3,.jpeg,r f,Method1,150529,r,1502
9,test,result1_4,.jpeg,r f,Method1,155786,r,5254
10,test,result1_5,.jpeg,r f,Method1,161418,r,5630
11,test,result1_6,.jpeg,r f,Method1,176171,f,14751
12,test,result1_7,.jpeg,r f,Method1,177019,f,846
13,test,result1_8,.jpeg,r f,Method1,181716,f,4694
14,test,result1_9,.jpeg,r f,Method1,184444,r,2726
15,test,result1_10,.jpeg,r f,Method1,186612,f,2166
16,test,result1_12,.jpeg,r f,Method1,188933,f,2318
17,test,result1_13,.jpeg,r f,Method1,190757,f,1822
18,test,result1_15,.jpeg,r f,Method1,192029,f,1270
19,test,result1_16,.jpeg,r f,Method1,194333,f,2302
20,test,result1_18,.jpeg,r f,Method1,195837,r,1502
21,test,result1_23,.jpeg,r f,Method1,197062,r,1222
22,test,result1_24,.jpeg,r f,Method1,198373,r,1310
23,test,result1_29,.jpeg,r f,Method1,199646,r,1270
24,test,result1_27,.jpeg,r f,Method1,200478,r,830
25,test,result1_30,.jpeg,r f,Method1,201878,r,1398
26,test,result1_36,.jpeg,r f,Method1,204926,r,3046
27,test,result1_37,.jpeg,r f,Method1,206590,r,1662
28,test,result1_35,.jpeg,r f,Method1,208943,f,2350
29,test,result1_38,.jpeg,r f,Method1,210135,r,1189
31,test,result2_0,.jpeg,r f,Method2,219584,f,7877
32,test,result2_1,.jpeg,r f,Method2,221760,f,2174
33,test,result2_2,.jpeg,r f,Method2,222592,r,830
34,test,result2_3,.jpeg,r f,Method2,223288,r,694
35,test,result2_4,.jpeg,r f,Method2,224104,r,814
36,test,result2_5,.jpeg,r f,Method2,224784,r,678
37,test,result2_6,.jpeg,r f,Method2,225896,r,1109
38,test,result2_7,.jpeg,r f,Method2,226544,f,646
39,test,result2_8,.jpeg,r f,Method2,227240,f,694
40,test,result2_9,.jpeg,r f,Method2,228664,f,1422
41,test,result2_10,.jpeg,r f,Method2,229617,f,950
42,test,result2_12,.jpeg,r f,Method2,234841,f,5222
43,test,result2_13,.jpeg,r f,Method2,236721,r,1878
44,test,result2_15,.jpeg,r f,Method2,237473,f,750
45,test,result2_16,.jpeg,r f,Method2,238785,r,1310
46,test,result2_18,.jpeg,r f,Method2,241802,r,3014
47,test,result2_23,.jpeg,r f,Method2,243298,r,1494
48,test,result2_24,.jpeg,r f,Method2,244178,f,878
49,test,result2_29,.jpeg,r f,Method2,245818,r,1638
50,test,result2_27,.jpeg,r f,Method2,247114,f,1294
51,test,result2_30,.jpeg,r f,Method2,248074,f,958
52,test,result2_36,.jpeg,r f,Method2,249610,f,1534
53,test,result2_37,.jpeg,r f,Method2,250731,f,1118
54,test,result2_35,.jpeg,r f,Method2,251707,r,974
55,test,result2_38,.jpeg,r f,Method2,252883,f,1174
57,test,result3_0,.jpeg,r f,Method3,258171,f,3196
58,test,result3_1,.jpeg,r f,Method3,259819,f,1646
59,test,result3_2,.jpeg,r f,Method3,261092,f,1270
60,test,result3_3,.jpeg,r f,Method3,262252,r,1158
61,test,result3_4,.jpeg,r f,Method3,266036,f,3782
62,test,result3_5,.jpeg,r f,Method3,266972,r,934
63,test,result3_6,.jpeg,r f,Method3,271477,f,4502
64,test,result3_7,.jpeg,r f,Method3,272293,f,814
65,test,result3_8,.jpeg,r f,Method3,273029,f,734
66,test,result3_9,.jpeg,r f,Method3,274029,f,998
67,test,result3_10,.jpeg,r f,Method3,274853,f,822
68,test,result3_12,.jpeg,r f,Method3,275653,f,798
69,test,result3_13,.jpeg,r f,Method3,278981,r,3326
70,test,result3_15,.jpeg,r f,Method3,279829,f,846
71,test,result3_16,.jpeg,r f,Method3,280773,f,942
72,test,result3_18,.jpeg,r f,Method3,281606,f,830
73,test,result3_23,.jpeg,r f,Method3,282462,f,854
74,test,result3_24,.jpeg,r f,Method3,284398,r,1934
75,test,result3_29,.jpeg,r f,Method3,286702,r,2302
76,test,result3_27,.jpeg,r f,Method3,287902,r,1198
77,test,result3_30,.jpeg,r f,Method3,288950,r,1046
78,test,result3_36,.jpeg,r f,Method3,289751,r,798
79,test,result3_37,.jpeg,r f,Method3,290599,r,846
80,test,result3_35,.jpeg,r f,Method3,293591,r,2990
81,test,result3_38,.jpeg,r f,Method3,294543,r,950
83,test,result4_0,.jpeg,r f,Method4,299624,r,3724
84,test,result4_1,.jpeg,r f,Method4,304984,r,5358
85,test,result4_2,.jpeg,r f,Method4,306160,r,1174
86,test,result4_3,.jpeg,r f,Method4,307224,r,1062
87,test,result4_4,.jpeg,r f,Method4,308840,r,1614
88,test,result4_5,.jpeg,r f,Method4,310200,r,1358
89,test,result4_6,.jpeg,r f,Method4,310952,r,750
90,test,result4_7,.jpeg,r f,Method4,311841,f,886
91,test,result4_8,.jpeg,r f,Method4,314049,r,2206
92,test,result4_9,.jpeg,r f,Method4,315065,r,1014
93,test,result4_10,.jpeg,r f,Method4,316137,f,1070
94,test,result4_12,.jpeg,r f,Method4,318185,f,2046
95,test,result4_13,.jpeg,r f,Method4,319209,r,1022
96,test,result4_15,.jpeg,r f,Method4,319937,f,726
97,test,result4_16,.jpeg,r f,Method4,320697,f,757
98,test,result4_18,.jpeg,r f,Method4,321793,r,1094
99,test,result4_23,.jpeg,r f,Method4,322506,r,710
100,test,result4_24,.jpeg,r f,Method4,323194,r,686
101,test,result4_29,.jpeg,r f,Method4,323866,r,670
102,test,result4_27,.jpeg,r f,Method4,324498,r,630
103,test,result4_30,.jpeg,r f,Method4,325146,r,646
104,test,result4_36,.jpeg,r f,Method4,325986,r,838
105,test,result4_37,.jpeg,r f,Method4,326610,r,622
106,test,result4_35,.jpeg,r f,Method4,327426,r,814
107,test,result4_38,.jpeg,r f,Method4,328018,r,590
109,test,target_0,.jpeg,r f,Target,334379,r,5107
110,test,target_1,.jpeg,r f,Target,336043,r,1662
111,test,target_2,.jpeg,r f,Target,337371,r,1326
112,test,target_3,.jpeg,r f,Target,338235,r,862
113,test,target_4,.jpeg,r f,Target,341107,f,2870
114,test,target_5,.jpeg,r f,Target,342508,r,1398
115,test,target_6,.jpeg,r f,Target,345628,r,3118
116,test,target_7,.jpeg,r f,Target,346748,r,1118
117,test,target_8,.jpeg,r f,Target,347468,r,718
118,test,target_9,.jpeg,r f,Target,348244,r,774
119,test,target_10,.jpeg,r f,Target,348972,r,726
120,test,target_12,.jpeg,r f,Target,349676,r,702
121,test,target_13,.jpeg,r f,Target,350340,r,662
122,test,target_15,.jpeg,r f,Target,351052,r,710
123,test,target_16,.jpeg,r f,Target,351732,r,678
124,test,target_18,.jpeg,r f,Target,352412,r,678
125,test,target_23,.jpeg,r f,Target,353092,r,678
126,test,target_24,.jpeg,r f,Target,353765,r,670
127,test,target_29,.jpeg,r f,Target,354453,r,686
128,test,target_27,.jpeg,r f,Target,355117,r,662
129,test,target_30,.jpeg,r f,Target,355829,r,710
130,test,target_36,.jpeg,r f,Target,356461,r,630
131,test,target_37,.jpeg,r f,Target,357157,r,694
132,test,target_35,.jpeg,r f,Target,357837,r,678
133,test,target_38,.jpeg,r f,Target,358421,r,582