GMT_timestamp,local_timestamp,link,calibration
2022-04-18_15:29:05,2022-04-18_16:29:05,https://www.testable.org/experiment/8526/794296/start,0.87

rowNo,type,stim1,stimFormat,keyboard,method,timestamp,response,RT
5,test,result1_0,.jpeg,r f,Method1,116642,f,8210
6,test,result1_1,.jpeg,r f,Method1,123072,f,6419
7,test,result1_2,.jpeg,r f,Method1,127870,r,4790
8,test,result1_3,.jpeg,r f,Method1,130105,r,2229
9,test,result1_4,.jpeg,r f,Method1,132763,f,2650
10,test,result1_5,.jpeg,r f,Method1,137487,f,4717
11,test,result1_6,.jpeg,r f,Method1,138618,r,1122
12,test,result1_7,.jpeg,r f,Method1,142101,f,3477
13,test,result1_8,.jpeg,r f,Method1,147398,f,5291
14,test,result1_9,.jpeg,r f,Method1,148561,r,1156
15,test,result1_10,.jpeg,r f,Method1,162690,f,14122
16,test,result1_12,.jpeg,r f,Method1,165162,r,2461
17,test,result1_13,.jpeg,r f,Method1,166971,f,1800
18,test,result1_15,.jpeg,r f,Method1,172344,f,5357
19,test,result1_16,.jpeg,r f,Method1,173764,r,1409
20,test,result1_18,.jpeg,r f,Method1,176176,r,2403
21,test,result1_23,.jpeg,r f,Method1,177803,r,1619
22,test,result1_24,.jpeg,r f,Method1,179328,r,1516
23,test,result1_29,.jpeg,r f,Method1,181792,r,2454
24,test,result1_27,.jpeg,r f,Method1,182963,f,1160
25,test,result1_30,.jpeg,r f,Method1,184184,f,1212
26,test,result1_36,.jpeg,r f,Method1,185442,f,1249
27,test,result1_37,.jpeg,r f,Method1,186681,f,1229
28,test,result1_35,.jpeg,r f,Method1,188088,f,1399
29,test,result1_38,.jpeg,r f,Method1,188957,r,860
31,test,result2_0,.jpeg,r f,Method2,195348,r,4401
32,test,result2_1,.jpeg,r f,Method2,197151,r,1792
33,test,result2_2,.jpeg,r f,Method2,198114,r,952
34,test,result2_3,.jpeg,r f,Method2,199050,r,926
35,test,result2_4,.jpeg,r f,Method2,200285,f,1229
36,test,result2_5,.jpeg,r f,Method2,201825,r,1534
37,test,result2_6,.jpeg,r f,Method2,203191,r,1362
38,test,result2_7,.jpeg,r f,Method2,204621,r,1423
39,test,result2_8,.jpeg,r f,Method2,206684,r,2055
40,test,result2_9,.jpeg,r f,Method2,207567,r,878
41,test,result2_10,.jpeg,r f,Method2,208584,r,1011
42,test,result2_12,.jpeg,r f,Method2,209664,r,1074
43,test,result2_13,.jpeg,r f,Method2,210646,r,976
44,test,result2_15,.jpeg,r f,Method2,211421,r,769
45,test,result2_16,.jpeg,r f,Method2,213792,r,2366
46,test,result2_18,.jpeg,r f,Method2,214915,r,1117
47,test,result2_23,.jpeg,r f,Method2,215704,r,780
48,test,result2_24,.jpeg,r f,Method2,216855,r,1144
49,test,result2_29,.jpeg,r f,Method2,217481,r,620
50,test,result2_27,.jpeg,r f,Method2,218228,r,741
51,test,result2_30,.jpeg,r f,Method2,218711,r,476
52,test,result2_36,.jpeg,r f,Method2,219247,r,528
53,test,result2_37,.jpeg,r f,Method2,220110,r,857
54,test,result2_35,.jpeg,r f,Method2,220776,r,661
55,test,result2_38,.jpeg,r f,Method2,222950,f,2168
57,test,result3_0,.jpeg,r f,Method3,230048,f,5269
58,test,result3_1,.jpeg,r f,Method3,231837,f,1783
59,test,result3_2,.jpeg,r f,Method3,232793,r,949
60,test,result3_3,.jpeg,r f,Method3,233570,r,769
61,test,result3_4,.jpeg,r f,Method3,234183,f,607
62,test,result3_5,.jpeg,r f,Method3,236276,r,2087
63,test,result3_6,.jpeg,r f,Method3,237812,r,1530
64,test,result3_7,.jpeg,r f,Method3,238431,f,609
65,test,result3_8,.jpeg,r f,Method3,239210,f,773
66,test,result3_9,.jpeg,r f,Method3,240284,f,1067
67,test,result3_10,.jpeg,r f,Method3,241191,f,900
68,test,result3_12,.jpeg,r f,Method3,241882,f,685
69,test,result3_13,.jpeg,r f,Method3,242538,f,644
70,test,result3_15,.jpeg,r f,Method3,243338,f,794
71,test,result3_16,.jpeg,r f,Method3,244035,f,688
72,test,result3_18,.jpeg,r f,Method3,244715,f,673
73,test,result3_23,.jpeg,r f,Method3,245434,f,712
74,test,result3_24,.jpeg,r f,Method3,245929,f,489
75,test,result3_29,.jpeg,r f,Method3,247074,f,1136
76,test,result3_27,.jpeg,r f,Method3,247799,f,720
77,test,result3_30,.jpeg,r f,Method3,248357,f,551
78,test,result3_36,.jpeg,r f,Method3,248764,f,400
79,test,result3_37,.jpeg,r f,Method3,249124,f,352
80,test,result3_35,.jpeg,r f,Method3,249629,f,497
81,test,result3_38,.jpeg,r f,Method3,250251,f,616
83,test,result4_0,.jpeg,r f,Method4,264546,r,9428
84,test,result4_1,.jpeg,r f,Method4,267787,r,3233
85,test,result4_2,.jpeg,r f,Method4,268746,r,953
86,test,result4_3,.jpeg,r f,Method4,269684,r,933
87,test,result4_4,.jpeg,r f,Method4,271163,f,1475
88,test,result4_5,.jpeg,r f,Method4,272262,r,1094
89,test,result4_6,.jpeg,r f,Method4,273605,r,1338
90,test,result4_7,.jpeg,r f,Method4,274266,f,655
91,test,result4_8,.jpeg,r f,Method4,275175,f,904
92,test,result4_9,.jpeg,r f,Method4,276460,r,1280
93,test,result4_10,.jpeg,r f,Method4,278229,r,1764
94,test,result4_12,.jpeg,r f,Method4,279269,r,1034
95,test,result4_13,.jpeg,r f,Method4,280057,f,782
96,test,result4_15,.jpeg,r f,Method4,282891,f,2825
97,test,result4_16,.jpeg,r f,Method4,283678,f,780
98,test,result4_18,.jpeg,r f,Method4,284587,f,903
99,test,result4_23,.jpeg,r f,Method4,285290,f,695
100,test,result4_24,.jpeg,r f,Method4,285864,f,568
101,test,result4_29,.jpeg,r f,Method4,286678,f,808
102,test,result4_27,.jpeg,r f,Method4,287307,f,624
103,test,result4_30,.jpeg,r f,Method4,287746,f,431
104,test,result4_36,.jpeg,r f,Method4,288194,f,440
105,test,result4_37,.jpeg,r f,Method4,288728,f,528
106,test,result4_35,.jpeg,r f,Method4,289352,r,618
107,test,result4_38,.jpeg,r f,Method4,290081,r,723
109,test,target_0,.jpeg,r f,Target,299221,r,4594
110,test,target_1,.jpeg,r f,Target,302367,f,3136
111,test,target_2,.jpeg,r f,Target,303602,f,1229
112,test,target_3,.jpeg,r f,Target,304823,f,1214
113,test,target_4,.jpeg,r f,Target,305604,f,774
114,test,target_5,.jpeg,r f,Target,307326,r,1716
115,test,target_6,.jpeg,r f,Target,309436,f,2102
116,test,target_7,.jpeg,r f,Target,310056,f,613
117,test,target_8,.jpeg,r f,Target,310377,f,313
118,test,target_9,.jpeg,r f,Target,310748,f,365
119,test,target_10,.jpeg,r f,Target,310989,f,233
120,test,target_12,.jpeg,r f,Target,311205,f,209
121,test,target_13,.jpeg,r f,Target,311427,f,214
122,test,target_15,.jpeg,r f,Target,311655,f,222
123,test,target_16,.jpeg,r f,Target,311899,f,230
124,test,target_18,.jpeg,r f,Target,312119,f,214
125,test,target_23,.jpeg,r f,Target,312338,f,212
126,test,target_24,.jpeg,r f,Target,312550,f,205
127,test,target_29,.jpeg,r f,Target,312769,f,210
128,test,target_27,.jpeg,r f,Target,313162,f,386
129,test,target_30,.jpeg,r f,Target,313418,f,249
130,test,target_36,.jpeg,r f,Target,313677,f,252
131,test,target_37,.jpeg,r f,Target,313942,f,259
132,test,target_35,.jpeg,r f,Target,314165,f,216
133,test,target_38,.jpeg,r f,Target,314405,f,235