GMT_timestamp,local_timestamp,link,calibration
2022-04-18_19:34:43,2022-04-18_20:34:43,https://www.testable.org/experiment/8526/794296/start,1

rowNo,type,stim1,stimFormat,keyboard,method,timestamp,response,RT
5,test,result1_0,.jpeg,r f,Method1,759668,f,4947
6,test,result1_1,.jpeg,r f,Method1,763719,f,4046
7,test,result1_2,.jpeg,r f,Method1,768777,f,5056
8,test,result1_3,.jpeg,r f,Method1,770760,r,1980
9,test,result1_4,.jpeg,r f,Method1,774626,f,3864
10,test,result1_5,.jpeg,r f,Method1,777018,f,2389
11,test,result1_6,.jpeg,r f,Method1,779766,r,2745
12,test,result1_7,.jpeg,r f,Method1,780616,f,845
13,test,result1_8,.jpeg,r f,Method1,781320,f,698
14,test,result1_9,.jpeg,r f,Method1,782647,r,1323
15,test,result1_10,.jpeg,r f,Method1,783804,r,1153
16,test,result1_12,.jpeg,r f,Method1,785465,r,1658
17,test,result1_13,.jpeg,r f,Method1,787816,r,2346
18,test,result1_15,.jpeg,r f,Method1,788665,f,840
19,test,result1_16,.jpeg,r f,Method1,789717,r,1048
20,test,result1_18,.jpeg,r f,Method1,792078,f,2357
21,test,result1_23,.jpeg,r f,Method1,797351,r,5257
22,test,result1_24,.jpeg,r f,Method1,798851,f,1488
23,test,result1_29,.jpeg,r f,Method1,800875,r,2020
24,test,result1_27,.jpeg,r f,Method1,801760,r,881
25,test,result1_30,.jpeg,r f,Method1,803182,r,1417
26,test,result1_36,.jpeg,r f,Method1,804609,f,1421
27,test,result1_37,.jpeg,r f,Method1,809757,r,5143
28,test,result1_35,.jpeg,r f,Method1,810610,f,848
29,test,result1_38,.jpeg,r f,Method1,812183,r,1568
31,test,result2_0,.jpeg,r f,Method2,822572,f,7928
32,test,result2_1,.jpeg,r f,Method2,827216,f,4639
33,test,result2_2,.jpeg,r f,Method2,829506,f,2286
34,test,result2_3,.jpeg,r f,Method2,830398,r,888
35,test,result2_4,.jpeg,r f,Method2,832061,f,1659
36,test,result2_5,.jpeg,r f,Method2,835554,f,3490
37,test,result2_6,.jpeg,r f,Method2,836861,f,1304
38,test,result2_7,.jpeg,r f,Method2,837739,f,876
39,test,result2_8,.jpeg,r f,Method2,841538,f,3796
40,test,result2_9,.jpeg,r f,Method2,842610,r,1070
41,test,result2_10,.jpeg,r f,Method2,844029,f,1416
42,test,result2_12,.jpeg,r f,Method2,846637,f,2605
43,test,result2_13,.jpeg,r f,Method2,847709,r,1070
44,test,result2_15,.jpeg,r f,Method2,848585,f,874
45,test,result2_16,.jpeg,r f,Method2,849568,r,980
46,test,result2_18,.jpeg,r f,Method2,850401,f,831
47,test,result2_23,.jpeg,r f,Method2,851665,r,1261
48,test,result2_24,.jpeg,r f,Method2,853298,f,1630
49,test,result2_29,.jpeg,r f,Method2,854565,r,1265
50,test,result2_27,.jpeg,r f,Method2,855592,r,1023
51,test,result2_30,.jpeg,r f,Method2,857767,f,2172
52,test,result2_36,.jpeg,r f,Method2,859230,f,1461
53,test,result2_37,.jpeg,r f,Method2,860516,r,1284
54,test,result2_35,.jpeg,r f,Method2,861716,f,1198
55,test,result2_38,.jpeg,r f,Method2,862787,r,1068
57,test,result3_0,.jpeg,r f,Method3,869828,r,3223
58,test,result3_1,.jpeg,r f,Method3,871327,r,1495
59,test,result3_2,.jpeg,r f,Method3,872334,f,1003
60,test,result3_3,.jpeg,r f,Method3,873103,r,765
61,test,result3_4,.jpeg,r f,Method3,877054,r,3946
62,test,result3_5,.jpeg,r f,Method3,878793,r,1735
63,test,result3_6,.jpeg,r f,Method3,880544,f,1748
64,test,result3_7,.jpeg,r f,Method3,884994,f,4446
65,test,result3_8,.jpeg,r f,Method3,886194,f,1195
66,test,result3_9,.jpeg,r f,Method3,887202,f,1004
67,test,result3_10,.jpeg,r f,Method3,887903,f,697
68,test,result3_12,.jpeg,r f,Method3,889169,r,1261
69,test,result3_13,.jpeg,r f,Method3,890266,r,1091
70,test,result3_15,.jpeg,r f,Method3,892636,f,2365
71,test,result3_16,.jpeg,r f,Method3,895346,f,2706
72,test,result3_18,.jpeg,r f,Method3,896200,f,851
73,test,result3_23,.jpeg,r f,Method3,897682,f,1480
74,test,result3_24,.jpeg,r f,Method3,898883,r,1198
75,test,result3_29,.jpeg,r f,Method3,902904,f,4019
76,test,result3_27,.jpeg,r f,Method3,903950,r,1044
77,test,result3_30,.jpeg,r f,Method3,907297,r,3344
78,test,result3_36,.jpeg,r f,Method3,908974,r,1675
79,test,result3_37,.jpeg,r f,Method3,910370,r,1394
80,test,result3_35,.jpeg,r f,Method3,915911,r,5539
81,test,result3_38,.jpeg,r f,Method3,916870,r,956
83,test,result4_0,.jpeg,r f,Method4,924295,f,5479
84,test,result4_1,.jpeg,r f,Method4,925104,r,807
85,test,result4_2,.jpeg,r f,Method4,927716,r,2609
86,test,result4_3,.jpeg,r f,Method4,928440,r,721
87,test,result4_4,.jpeg,r f,Method4,929834,r,1391
88,test,result4_5,.jpeg,r f,Method4,931491,r,1655
89,test,result4_6,.jpeg,r f,Method4,932996,r,1503
90,test,result4_7,.jpeg,r f,Method4,933958,f,959
91,test,result4_8,.jpeg,r f,Method4,934942,r,982
92,test,result4_9,.jpeg,r f,Method4,936035,r,1091
93,test,result4_10,.jpeg,r f,Method4,940578,r,4540
94,test,result4_12,.jpeg,r f,Method4,941519,r,938
95,test,result4_13,.jpeg,r f,Method4,942198,r,676
96,test,result4_15,.jpeg,r f,Method4,944007,f,1807
97,test,result4_16,.jpeg,r f,Method4,946662,r,2653
98,test,result4_18,.jpeg,r f,Method4,947781,r,1116
99,test,result4_23,.jpeg,r f,Method4,948586,r,799
100,test,result4_24,.jpeg,r f,Method4,949310,r,721
101,test,result4_29,.jpeg,r f,Method4,950663,f,1350
102,test,result4_27,.jpeg,r f,Method4,951256,r,589
103,test,result4_30,.jpeg,r f,Method4,952024,r,765
104,test,result4_36,.jpeg,r f,Method4,952704,r,678
105,test,result4_37,.jpeg,r f,Method4,956117,r,3410
106,test,result4_35,.jpeg,r f,Method4,957662,r,1543
107,test,result4_38,.jpeg,r f,Method4,958367,r,702
109,test,target_0,.jpeg,r f,Target,964705,r,3990
110,test,target_1,.jpeg,r f,Target,966274,r,1566
111,test,target_2,.jpeg,r f,Target,967303,r,1026
112,test,target_3,.jpeg,r f,Target,968353,r,1045
113,test,target_4,.jpeg,r f,Target,970614,f,2256
114,test,target_5,.jpeg,r f,Target,971359,r,740
115,test,target_6,.jpeg,r f,Target,972300,r,937
116,test,target_7,.jpeg,r f,Target,974043,r,1737
117,test,target_8,.jpeg,r f,Target,975029,r,980
118,test,target_9,.jpeg,r f,Target,975860,r,828
119,test,target_10,.jpeg,r f,Target,977124,r,1258
120,test,target_12,.jpeg,r f,Target,977910,r,780
121,test,target_13,.jpeg,r f,Target,978743,r,830
122,test,target_15,.jpeg,r f,Target,979685,r,938
123,test,target_16,.jpeg,r f,Target,980454,r,764
124,test,target_18,.jpeg,r f,Target,981348,r,890
125,test,target_23,.jpeg,r f,Target,981942,r,587
126,test,target_24,.jpeg,r f,Target,982688,r,742
127,test,target_29,.jpeg,r f,Target,984191,r,1498
128,test,target_27,.jpeg,r f,Target,984953,r,757
129,test,target_30,.jpeg,r f,Target,985526,r,569
130,test,target_36,.jpeg,r f,Target,986055,r,526
131,test,target_37,.jpeg,r f,Target,987233,r,1176
132,test,target_35,.jpeg,r f,Target,987892,r,656
133,test,target_38,.jpeg,r f,Target,988596,r,701