GMT_timestamp,local_timestamp,link,calibration
2022-04-19_00:37:43,2022-04-19_01:37:43,https://www.testable.org/experiment/8526/794296/start,1

rowNo,type,stim1,stimFormat,keyboard,method,timestamp,response,RT
5,test,result1_0,.jpeg,r f,Method1,23672,f,1967
6,test,result1_1,.jpeg,r f,Method1,24124,f,438
7,test,result1_2,.jpeg,r f,Method1,25066,r,930
8,test,result1_3,.jpeg,r f,Method1,25431,f,354
9,test,result1_4,.jpeg,r f,Method1,25998,f,556
10,test,result1_5,.jpeg,r f,Method1,26557,f,547
11,test,result1_6,.jpeg,r f,Method1,27123,f,555
12,test,result1_7,.jpeg,r f,Method1,27597,r,463
13,test,result1_8,.jpeg,r f,Method1,28547,f,939
14,test,result1_9,.jpeg,r f,Method1,29096,f,539
15,test,result1_10,.jpeg,r f,Method1,30492,f,1386
16,test,result1_12,.jpeg,r f,Method1,31009,r,508
17,test,result1_13,.jpeg,r f,Method1,31937,f,920
18,test,result1_15,.jpeg,r f,Method1,32395,r,449
19,test,result1_16,.jpeg,r f,Method1,33325,r,920
20,test,result1_18,.jpeg,r f,Method1,34165,r,829
21,test,result1_23,.jpeg,r f,Method1,35707,r,1532
22,test,result1_24,.jpeg,r f,Method1,36637,r,919
23,test,result1_29,.jpeg,r f,Method1,37215,r,567
24,test,result1_27,.jpeg,r f,Method1,37709,r,484
25,test,result1_30,.jpeg,r f,Method1,38219,r,500
26,test,result1_36,.jpeg,r f,Method1,38726,f,497
27,test,result1_37,.jpeg,r f,Method1,39436,r,699
28,test,result1_35,.jpeg,r f,Method1,39873,r,427
29,test,result1_38,.jpeg,r f,Method1,40780,r,897
31,test,result2_0,.jpeg,r f,Method2,43528,r,832
32,test,result2_1,.jpeg,r f,Method2,44373,f,834
33,test,result2_2,.jpeg,r f,Method2,44847,r,464
34,test,result2_3,.jpeg,r f,Method2,45334,f,478
35,test,result2_4,.jpeg,r f,Method2,47164,f,1820
36,test,result2_5,.jpeg,r f,Method2,48126,f,953
37,test,result2_6,.jpeg,r f,Method2,48669,r,534
38,test,result2_7,.jpeg,r f,Method2,51636,r,2958
39,test,result2_8,.jpeg,r f,Method2,53251,f,1605
40,test,result2_9,.jpeg,r f,Method2,54365,r,1103
41,test,result2_10,.jpeg,r f,Method2,55046,f,672
42,test,result2_12,.jpeg,r f,Method2,55933,r,876
43,test,result2_13,.jpeg,r f,Method2,57518,r,1575
44,test,result2_15,.jpeg,r f,Method2,58255,f,727
45,test,result2_16,.jpeg,r f,Method2,65932,r,7667
46,test,result2_18,.jpeg,r f,Method2,66736,f,793
47,test,result2_23,.jpeg,r f,Method2,67812,r,1066
48,test,result2_24,.jpeg,r f,Method2,68654,r,832
49,test,result2_29,.jpeg,r f,Method2,69620,r,957
50,test,result2_27,.jpeg,r f,Method2,71096,r,1463
51,test,result2_30,.jpeg,r f,Method2,71989,r,884
52,test,result2_36,.jpeg,r f,Method2,72673,r,675
53,test,result2_37,.jpeg,r f,Method2,73446,r,763
54,test,result2_35,.jpeg,r f,Method2,73965,r,510
55,test,result2_38,.jpeg,r f,Method2,74839,f,863
57,test,result3_0,.jpeg,r f,Method3,78226,r,760
58,test,result3_1,.jpeg,r f,Method3,78789,r,554
59,test,result3_2,.jpeg,r f,Method3,79395,f,598
60,test,result3_3,.jpeg,r f,Method3,79901,r,497
61,test,result3_4,.jpeg,r f,Method3,80473,r,563
62,test,result3_5,.jpeg,r f,Method3,80993,r,511
63,test,result3_6,.jpeg,r f,Method3,81684,f,682
64,test,result3_7,.jpeg,r f,Method3,82540,f,852
65,test,result3_8,.jpeg,r f,Method3,83383,r,834
66,test,result3_9,.jpeg,r f,Method3,84393,r,1000
67,test,result3_10,.jpeg,r f,Method3,85346,f,944
68,test,result3_12,.jpeg,r f,Method3,85872,r,514
69,test,result3_13,.jpeg,r f,Method3,86286,f,405
70,test,result3_15,.jpeg,r f,Method3,87213,f,918
71,test,result3_16,.jpeg,r f,Method3,87694,r,471
72,test,result3_18,.jpeg,r f,Method3,88266,r,561
73,test,result3_23,.jpeg,r f,Method3,88813,r,537
74,test,result3_24,.jpeg,r f,Method3,89241,r,418
75,test,result3_29,.jpeg,r f,Method3,89750,r,499
76,test,result3_27,.jpeg,r f,Method3,90207,r,448
77,test,result3_30,.jpeg,r f,Method3,91217,f,1001
78,test,result3_36,.jpeg,r f,Method3,91744,r,517
79,test,result3_37,.jpeg,r f,Method3,92336,r,582
80,test,result3_35,.jpeg,r f,Method3,92825,r,480
81,test,result3_38,.jpeg,r f,Method3,93303,r,469
83,test,result4_0,.jpeg,r f,Method4,96658,r,492
84,test,result4_1,.jpeg,r f,Method4,97270,r,603
85,test,result4_2,.jpeg,r f,Method4,97928,r,649
86,test,result4_3,.jpeg,r f,Method4,98432,r,494
87,test,result4_4,.jpeg,r f,Method4,98949,r,508
88,test,result4_5,.jpeg,r f,Method4,99613,f,655
89,test,result4_6,.jpeg,r f,Method4,100684,r,1061
90,test,result4_7,.jpeg,r f,Method4,101508,f,815
91,test,result4_8,.jpeg,r f,Method4,102105,r,587
92,test,result4_9,.jpeg,r f,Method4,102659,r,545
93,test,result4_10,.jpeg,r f,Method4,103588,f,920
94,test,result4_12,.jpeg,r f,Method4,104228,r,631
95,test,result4_13,.jpeg,r f,Method4,104834,r,597
96,test,result4_15,.jpeg,r f,Method4,105745,f,900
97,test,result4_16,.jpeg,r f,Method4,106222,r,468
98,test,result4_18,.jpeg,r f,Method4,106828,r,596
99,test,result4_23,.jpeg,r f,Method4,107527,r,689
100,test,result4_24,.jpeg,r f,Method4,108076,r,537
101,test,result4_29,.jpeg,r f,Method4,108556,r,476
102,test,result4_27,.jpeg,r f,Method4,109215,r,656
103,test,result4_30,.jpeg,r f,Method4,109805,r,581
104,test,result4_36,.jpeg,r f,Method4,110712,r,898
105,test,result4_37,.jpeg,r f,Method4,111267,r,545
106,test,result4_35,.jpeg,r f,Method4,111825,r,550
107,test,result4_38,.jpeg,r f,Method4,113136,f,1302
109,test,target_0,.jpeg,r f,Target,116849,r,719
110,test,target_1,.jpeg,r f,Target,117339,r,480
111,test,target_2,.jpeg,r f,Target,117797,r,449
112,test,target_3,.jpeg,r f,Target,118330,r,523
113,test,target_4,.jpeg,r f,Target,118901,r,560
114,test,target_5,.jpeg,r f,Target,119408,r,498
115,test,target_6,.jpeg,r f,Target,119895,r,478
116,test,target_7,.jpeg,r f,Target,120688,r,783
117,test,target_8,.jpeg,r f,Target,121235,r,538
118,test,target_9,.jpeg,r f,Target,121767,r,523
119,test,target_10,.jpeg,r f,Target,123703,r,1928
120,test,target_12,.jpeg,r f,Target,124362,r,650
121,test,target_13,.jpeg,r f,Target,125228,r,856
122,test,target_15,.jpeg,r f,Target,125876,r,639
123,test,target_16,.jpeg,r f,Target,126523,r,638
124,test,target_18,.jpeg,r f,Target,127268,r,737
125,test,target_23,.jpeg,r f,Target,127894,r,618
126,test,target_24,.jpeg,r f,Target,128476,r,574
127,test,target_29,.jpeg,r f,Target,129014,r,531
128,test,target_27,.jpeg,r f,Target,129614,r,589
129,test,target_30,.jpeg,r f,Target,130019,r,395
130,test,target_36,.jpeg,r f,Target,130474,r,447
131,test,target_37,.jpeg,r f,Target,131040,r,556
132,test,target_35,.jpeg,r f,Target,131501,r,452
133,test,target_38,.jpeg,r f,Target,132728,r,1218