GMT_timestamp,local_timestamp,link,calibration
2022-04-18_19:05:43,2022-04-18_20:05:43,https://www.testable.org/experiment/8526/794296/start,1

rowNo,type,stim1,stimFormat,keyboard,method,timestamp,response,RT
5,test,result1_0,.jpeg,r f,Method1,9381,f,1008
6,test,result1_1,.jpeg,r f,Method1,9660,r,274
7,test,result1_2,.jpeg,r f,Method1,10140,f,477
8,test,result1_3,.jpeg,r f,Method1,10340,f,196
9,test,result1_4,.jpeg,r f,Method1,10492,f,149
10,test,result1_5,.jpeg,r f,Method1,10692,r,196
11,test,result1_6,.jpeg,r f,Method1,11012,f,316
12,test,result1_7,.jpeg,r f,Method1,11188,f,172
13,test,result1_8,.jpeg,r f,Method1,11364,f,173
14,test,result1_9,.jpeg,r f,Method1,11764,f,397
15,test,result1_10,.jpeg,r f,Method1,11964,f,196
16,test,result1_12,.jpeg,r f,Method1,12268,f,300
17,test,result1_13,.jpeg,r f,Method1,12484,f,213
18,test,result1_15,.jpeg,r f,Method1,12732,r,245
19,test,result1_16,.jpeg,r f,Method1,13140,f,404
20,test,result1_18,.jpeg,r f,Method1,13340,f,197
21,test,result1_23,.jpeg,r f,Method1,13548,f,204
22,test,result1_24,.jpeg,r f,Method1,13772,r,220
23,test,result1_29,.jpeg,r f,Method1,13963,f,188
24,test,result1_27,.jpeg,r f,Method1,14188,f,221
25,test,result1_30,.jpeg,r f,Method1,14348,f,157
26,test,result1_36,.jpeg,r f,Method1,14548,f,197
27,test,result1_37,.jpeg,r f,Method1,14764,r,212
28,test,result1_35,.jpeg,r f,Method1,15284,r,516
29,test,result1_38,.jpeg,r f,Method1,15571,f,284
31,test,result2_0,.jpeg,r f,Method2,17132,f,578
32,test,result2_1,.jpeg,r f,Method2,17460,r,324
33,test,result2_2,.jpeg,r f,Method2,17652,f,188
34,test,result2_3,.jpeg,r f,Method2,17884,r,228
35,test,result2_4,.jpeg,r f,Method2,18132,f,245
36,test,result2_5,.jpeg,r f,Method2,18324,f,188
37,test,result2_6,.jpeg,r f,Method2,18476,f,148
38,test,result2_7,.jpeg,r f,Method2,18620,r,141
39,test,result2_8,.jpeg,r f,Method2,18988,f,365
40,test,result2_9,.jpeg,r f,Method2,19172,f,180
41,test,result2_10,.jpeg,r f,Method2,19404,r,229
42,test,result2_12,.jpeg,r f,Method2,19740,f,332
43,test,result2_13,.jpeg,r f,Method2,19899,f,156
44,test,result2_15,.jpeg,r f,Method2,20060,r,157
45,test,result2_16,.jpeg,r f,Method2,20404,f,341
46,test,result2_18,.jpeg,r f,Method2,20604,f,196
47,test,result2_23,.jpeg,r f,Method2,20804,f,197
48,test,result2_24,.jpeg,r f,Method2,20988,f,180
49,test,result2_29,.jpeg,r f,Method2,21148,f,156
50,test,result2_27,.jpeg,r f,Method2,21428,f,277
51,test,result2_30,.jpeg,r f,Method2,21611,f,180
52,test,result2_36,.jpeg,r f,Method2,21788,f,173
53,test,result2_37,.jpeg,r f,Method2,21964,f,174
54,test,result2_35,.jpeg,r f,Method2,22180,f,212
55,test,result2_38,.jpeg,r f,Method2,22476,f,292
57,test,result3_0,.jpeg,r f,Method3,23452,r,426
58,test,result3_1,.jpeg,r f,Method3,23692,f,236
59,test,result3_2,.jpeg,r f,Method3,23988,f,293
60,test,result3_3,.jpeg,r f,Method3,24188,f,196
61,test,result3_4,.jpeg,r f,Method3,24780,r,589
62,test,result3_5,.jpeg,r f,Method3,25484,r,700
63,test,result3_6,.jpeg,r f,Method3,26388,f,900
64,test,result3_7,.jpeg,r f,Method3,27020,f,628
65,test,result3_8,.jpeg,r f,Method3,27756,r,732
66,test,result3_9,.jpeg,r f,Method3,28460,f,700
67,test,result3_10,.jpeg,r f,Method3,29156,f,692
68,test,result3_12,.jpeg,r f,Method3,30108,r,948
69,test,result3_13,.jpeg,r f,Method3,31364,r,1253
70,test,result3_15,.jpeg,r f,Method3,31972,f,604
71,test,result3_16,.jpeg,r f,Method3,32428,f,452
72,test,result3_18,.jpeg,r f,Method3,33004,f,573
73,test,result3_23,.jpeg,r f,Method3,33645,r,637
74,test,result3_24,.jpeg,r f,Method3,34076,f,428
75,test,result3_29,.jpeg,r f,Method3,34820,r,741
76,test,result3_27,.jpeg,r f,Method3,35276,f,453
77,test,result3_30,.jpeg,r f,Method3,36268,f,989
78,test,result3_36,.jpeg,r f,Method3,36780,r,509
79,test,result3_37,.jpeg,r f,Method3,37020,f,237
80,test,result3_35,.jpeg,r f,Method3,37852,r,829
81,test,result3_38,.jpeg,r f,Method3,38508,f,653
83,test,result4_0,.jpeg,r f,Method4,40252,r,586
84,test,result4_1,.jpeg,r f,Method4,40516,f,261
85,test,result4_2,.jpeg,r f,Method4,40740,r,220
86,test,result4_3,.jpeg,r f,Method4,41140,r,397
87,test,result4_4,.jpeg,r f,Method4,41524,r,381
88,test,result4_5,.jpeg,r f,Method4,41844,r,316
89,test,result4_6,.jpeg,r f,Method4,42404,f,556
90,test,result4_7,.jpeg,r f,Method4,42668,r,261
91,test,result4_8,.jpeg,r f,Method4,42957,f,285
92,test,result4_9,.jpeg,r f,Method4,43204,r,244
93,test,result4_10,.jpeg,r f,Method4,43436,f,229
94,test,result4_12,.jpeg,r f,Method4,43940,f,501
95,test,result4_13,.jpeg,r f,Method4,44180,r,236
96,test,result4_15,.jpeg,r f,Method4,44444,f,261
97,test,result4_16,.jpeg,r f,Method4,44684,f,237
98,test,result4_18,.jpeg,r f,Method4,44868,r,181
99,test,result4_23,.jpeg,r f,Method4,45100,r,229
100,test,result4_24,.jpeg,r f,Method4,45332,r,229
101,test,result4_29,.jpeg,r f,Method4,45636,f,300
102,test,result4_27,.jpeg,r f,Method4,45844,r,205
103,test,result4_30,.jpeg,r f,Method4,46084,r,235
104,test,result4_36,.jpeg,r f,Method4,46452,f,365
105,test,result4_37,.jpeg,r f,Method4,46700,r,245
106,test,result4_35,.jpeg,r f,Method4,46972,r,269
107,test,result4_38,.jpeg,r f,Method4,47140,r,164
109,test,target_0,.jpeg,r f,Target,48668,r,610
110,test,target_1,.jpeg,r f,Target,48852,r,180
111,test,target_2,.jpeg,r f,Target,49004,r,149
112,test,target_3,.jpeg,r f,Target,49156,r,148
113,test,target_4,.jpeg,r f,Target,49332,r,172
114,test,target_5,.jpeg,r f,Target,49492,r,156
115,test,target_6,.jpeg,r f,Target,49644,r,149
116,test,target_7,.jpeg,r f,Target,50740,r,1092
117,test,target_8,.jpeg,r f,Target,50972,r,228
118,test,target_9,.jpeg,r f,Target,51132,r,156
119,test,target_10,.jpeg,r f,Target,51300,r,165
120,test,target_12,.jpeg,r f,Target,51468,r,164
121,test,target_13,.jpeg,r f,Target,51628,r,157
122,test,target_15,.jpeg,r f,Target,51788,r,156
123,test,target_16,.jpeg,r f,Target,51948,r,156
124,test,target_18,.jpeg,r f,Target,52148,r,196
125,test,target_23,.jpeg,r f,Target,52372,r,220
126,test,target_24,.jpeg,r f,Target,52580,r,205
127,test,target_29,.jpeg,r f,Target,52772,r,188
128,test,target_27,.jpeg,r f,Target,52956,r,180
129,test,target_30,.jpeg,r f,Target,53156,r,196
130,test,target_36,.jpeg,r f,Target,53388,r,228
131,test,target_37,.jpeg,r f,Target,53604,r,212
132,test,target_35,.jpeg,r f,Target,53796,r,188
133,test,target_38,.jpeg,r f,Target,53980,r,180