GMT_timestamp,local_timestamp,link,calibration
2022-04-18_19:04:58,2022-04-18_20:04:58,https://www.testable.org/experiment/8526/794296/start,1

rowNo,type,stim1,stimFormat,keyboard,method,timestamp,response,RT
5,test,result1_0,.jpeg,r f,Method1,8118,f,504
6,test,result1_1,.jpeg,r f,Method1,8365,f,242
7,test,result1_2,.jpeg,r f,Method1,8493,f,125
8,test,result1_3,.jpeg,r f,Method1,8638,r,142
9,test,result1_4,.jpeg,r f,Method1,9262,f,621
10,test,result1_5,.jpeg,r f,Method1,9422,f,155
11,test,result1_6,.jpeg,r f,Method1,9566,f,140
12,test,result1_7,.jpeg,r f,Method1,9702,r,132
13,test,result1_8,.jpeg,r f,Method1,9926,f,220
14,test,result1_9,.jpeg,r f,Method1,10054,f,123
15,test,result1_10,.jpeg,r f,Method1,10230,r,172
16,test,result1_12,.jpeg,r f,Method1,10349,f,116
17,test,result1_13,.jpeg,r f,Method1,10494,f,141
18,test,result1_15,.jpeg,r f,Method1,10638,f,141
19,test,result1_16,.jpeg,r f,Method1,10773,r,132
20,test,result1_18,.jpeg,r f,Method1,11086,r,309
21,test,result1_23,.jpeg,r f,Method1,11158,f,68
22,test,result1_24,.jpeg,r f,Method1,11342,f,181
23,test,result1_29,.jpeg,r f,Method1,11630,f,284
24,test,result1_27,.jpeg,r f,Method1,11806,r,172
25,test,result1_30,.jpeg,r f,Method1,11926,f,117
26,test,result1_36,.jpeg,r f,Method1,12118,f,189
27,test,result1_37,.jpeg,r f,Method1,12278,f,157
28,test,result1_35,.jpeg,r f,Method1,12438,f,157
29,test,result1_38,.jpeg,r f,Method1,12782,r,341
31,test,result2_0,.jpeg,r f,Method2,15862,f,1041
32,test,result2_1,.jpeg,r f,Method2,16238,r,372
33,test,result2_2,.jpeg,r f,Method2,16742,f,501
34,test,result2_3,.jpeg,r f,Method2,16910,f,164
35,test,result2_4,.jpeg,r f,Method2,17030,f,116
36,test,result2_5,.jpeg,r f,Method2,17190,f,157
37,test,result2_6,.jpeg,r f,Method2,17326,r,132
38,test,result2_7,.jpeg,r f,Method2,17550,r,221
39,test,result2_8,.jpeg,r f,Method2,17654,f,101
40,test,result2_9,.jpeg,r f,Method2,17886,r,228
41,test,result2_10,.jpeg,r f,Method2,18150,f,261
42,test,result2_12,.jpeg,r f,Method2,18294,r,140
43,test,result2_13,.jpeg,r f,Method2,18622,f,325
44,test,result2_15,.jpeg,r f,Method2,18862,f,237
45,test,result2_16,.jpeg,r f,Method2,19078,f,213
46,test,result2_18,.jpeg,r f,Method2,19238,f,156
47,test,result2_23,.jpeg,r f,Method2,19461,f,221
48,test,result2_24,.jpeg,r f,Method2,19710,f,245
49,test,result2_29,.jpeg,r f,Method2,19966,f,253
50,test,result2_27,.jpeg,r f,Method2,20286,f,316
51,test,result2_30,.jpeg,r f,Method2,20814,r,525
52,test,result2_36,.jpeg,r f,Method2,20973,f,156
53,test,result2_37,.jpeg,r f,Method2,21214,r,237
54,test,result2_35,.jpeg,r f,Method2,21398,f,181
55,test,result2_38,.jpeg,r f,Method2,21598,f,196
57,test,result3_0,.jpeg,r f,Method3,22638,f,354
58,test,result3_1,.jpeg,r f,Method3,23062,r,420
59,test,result3_2,.jpeg,r f,Method3,23246,f,180
60,test,result3_3,.jpeg,r f,Method3,23454,f,205
61,test,result3_4,.jpeg,r f,Method3,23638,r,181
62,test,result3_5,.jpeg,r f,Method3,23798,r,156
63,test,result3_6,.jpeg,r f,Method3,24062,f,261
64,test,result3_7,.jpeg,r f,Method3,24333,f,268
65,test,result3_8,.jpeg,r f,Method3,24550,r,213
66,test,result3_9,.jpeg,r f,Method3,24902,r,348
67,test,result3_10,.jpeg,r f,Method3,25094,f,189
68,test,result3_12,.jpeg,r f,Method3,25301,f,204
69,test,result3_13,.jpeg,r f,Method3,25502,f,197
70,test,result3_15,.jpeg,r f,Method3,25798,f,293
71,test,result3_16,.jpeg,r f,Method3,25950,f,148
72,test,result3_18,.jpeg,r f,Method3,26134,r,180
73,test,result3_23,.jpeg,r f,Method3,26278,f,140
74,test,result3_24,.jpeg,r f,Method3,26470,f,188
75,test,result3_29,.jpeg,r f,Method3,26710,r,236
76,test,result3_27,.jpeg,r f,Method3,26942,r,228
77,test,result3_30,.jpeg,r f,Method3,27198,f,253
78,test,result3_36,.jpeg,r f,Method3,27398,r,197
79,test,result3_37,.jpeg,r f,Method3,27582,f,180
80,test,result3_35,.jpeg,r f,Method3,27774,f,188
81,test,result3_38,.jpeg,r f,Method3,28150,r,373
83,test,result4_0,.jpeg,r f,Method4,29718,f,746
84,test,result4_1,.jpeg,r f,Method4,29902,r,180
85,test,result4_2,.jpeg,r f,Method4,30062,f,157
86,test,result4_3,.jpeg,r f,Method4,30238,r,173
87,test,result4_4,.jpeg,r f,Method4,30398,r,157
88,test,result4_5,.jpeg,r f,Method4,30670,f,269
89,test,result4_6,.jpeg,r f,Method4,31029,f,356
90,test,result4_7,.jpeg,r f,Method4,31230,f,197
91,test,result4_8,.jpeg,r f,Method4,31503,f,270
92,test,result4_9,.jpeg,r f,Method4,31694,f,188
93,test,result4_10,.jpeg,r f,Method4,31894,f,197
94,test,result4_12,.jpeg,r f,Method4,32118,f,221
95,test,result4_13,.jpeg,r f,Method4,32318,f,197
96,test,result4_15,.jpeg,r f,Method4,32518,r,197
97,test,result4_16,.jpeg,r f,Method4,32662,r,141
98,test,result4_18,.jpeg,r f,Method4,32838,r,173
99,test,result4_23,.jpeg,r f,Method4,33182,f,341
100,test,result4_24,.jpeg,r f,Method4,33398,r,212
101,test,result4_29,.jpeg,r f,Method4,33622,f,221
102,test,result4_27,.jpeg,r f,Method4,33798,f,173
103,test,result4_30,.jpeg,r f,Method4,34014,r,213
104,test,result4_36,.jpeg,r f,Method4,34254,r,237
105,test,result4_37,.jpeg,r f,Method4,34454,f,197
106,test,result4_35,.jpeg,r f,Method4,34790,f,333
107,test,result4_38,.jpeg,r f,Method4,34958,f,165
109,test,target_0,.jpeg,r f,Target,36102,f,474
110,test,target_1,.jpeg,r f,Target,36318,r,212
111,test,target_2,.jpeg,r f,Target,36478,r,156
112,test,target_3,.jpeg,r f,Target,36654,r,172
113,test,target_4,.jpeg,r f,Target,36933,f,276
114,test,target_5,.jpeg,r f,Target,37094,r,157
115,test,target_6,.jpeg,r f,Target,37262,r,165
116,test,target_7,.jpeg,r f,Target,37430,r,165
117,test,target_8,.jpeg,r f,Target,37606,r,173
118,test,target_9,.jpeg,r f,Target,37782,r,173
119,test,target_10,.jpeg,r f,Target,37974,r,189
120,test,target_12,.jpeg,r f,Target,38446,f,469
121,test,target_13,.jpeg,r f,Target,38662,r,212
122,test,target_15,.jpeg,r f,Target,38814,r,148
123,test,target_16,.jpeg,r f,Target,38989,r,173
124,test,target_18,.jpeg,r f,Target,39182,r,189
125,test,target_23,.jpeg,r f,Target,39366,r,181
126,test,target_24,.jpeg,r f,Target,39518,r,149
127,test,target_29,.jpeg,r f,Target,39686,r,164
128,test,target_27,.jpeg,r f,Target,39854,r,165
129,test,target_30,.jpeg,r f,Target,40022,r,164
130,test,target_36,.jpeg,r f,Target,40206,r,181
131,test,target_37,.jpeg,r f,Target,40398,r,188
132,test,target_35,.jpeg,r f,Target,40566,r,164
133,test,target_38,.jpeg,r f,Target,40742,r,173