GMT_timestamp,local_timestamp,link,calibration
2022-04-19_00:25:29,2022-04-19_01:25:29,https://www.testable.org/experiment/8526/794296/start,1

rowNo,type,stim1,stimFormat,keyboard,method,timestamp,response,RT
5,test,result1_0,.jpeg,r f,Method1,41647,r,1358
6,test,result1_1,.jpeg,r f,Method1,41964,f,300
7,test,result1_2,.jpeg,r f,Method1,42525,r,549
8,test,result1_3,.jpeg,r f,Method1,42905,f,368
9,test,result1_4,.jpeg,r f,Method1,43844,r,927
10,test,result1_5,.jpeg,r f,Method1,44220,r,364
11,test,result1_6,.jpeg,r f,Method1,44813,f,583
12,test,result1_7,.jpeg,r f,Method1,45147,r,326
13,test,result1_8,.jpeg,r f,Method1,45504,r,347
14,test,result1_9,.jpeg,r f,Method1,46017,r,508
15,test,result1_10,.jpeg,r f,Method1,46803,f,777
16,test,result1_12,.jpeg,r f,Method1,47159,r,346
17,test,result1_13,.jpeg,r f,Method1,47619,r,449
18,test,result1_15,.jpeg,r f,Method1,48099,r,470
19,test,result1_16,.jpeg,r f,Method1,48991,f,881
20,test,result1_18,.jpeg,r f,Method1,49351,r,348
21,test,result1_23,.jpeg,r f,Method1,49902,r,541
22,test,result1_24,.jpeg,r f,Method1,50482,r,569
23,test,result1_29,.jpeg,r f,Method1,50920,r,426
24,test,result1_27,.jpeg,r f,Method1,51645,r,715
25,test,result1_30,.jpeg,r f,Method1,52712,f,1057
26,test,result1_36,.jpeg,r f,Method1,53362,f,638
27,test,result1_37,.jpeg,r f,Method1,54084,f,712
28,test,result1_35,.jpeg,r f,Method1,54824,f,730
29,test,result1_38,.jpeg,r f,Method1,55474,r,639
31,test,result2_0,.jpeg,r f,Method2,59054,r,1438
32,test,result2_1,.jpeg,r f,Method2,59762,f,690
33,test,result2_2,.jpeg,r f,Method2,60286,r,515
34,test,result2_3,.jpeg,r f,Method2,60770,r,475
35,test,result2_4,.jpeg,r f,Method2,61200,r,421
36,test,result2_5,.jpeg,r f,Method2,62302,f,1092
37,test,result2_6,.jpeg,r f,Method2,63168,f,856
38,test,result2_7,.jpeg,r f,Method2,63942,f,764
39,test,result2_8,.jpeg,r f,Method2,64424,r,472
40,test,result2_9,.jpeg,r f,Method2,64928,f,492
41,test,result2_10,.jpeg,r f,Method2,65971,f,1033
42,test,result2_12,.jpeg,r f,Method2,68186,r,2203
43,test,result2_13,.jpeg,r f,Method2,68812,r,616
44,test,result2_15,.jpeg,r f,Method2,70450,f,1627
45,test,result2_16,.jpeg,r f,Method2,71726,f,1261
46,test,result2_18,.jpeg,r f,Method2,72633,f,897
47,test,result2_23,.jpeg,r f,Method2,73315,r,672
48,test,result2_24,.jpeg,r f,Method2,73869,r,546
49,test,result2_29,.jpeg,r f,Method2,74567,r,687
50,test,result2_27,.jpeg,r f,Method2,75181,r,604
51,test,result2_30,.jpeg,r f,Method2,75804,r,611
52,test,result2_36,.jpeg,r f,Method2,76369,r,559
53,test,result2_37,.jpeg,r f,Method2,76870,r,492
54,test,result2_35,.jpeg,r f,Method2,77974,f,1093
55,test,result2_38,.jpeg,r f,Method2,78394,r,411
57,test,result3_0,.jpeg,r f,Method3,81846,r,1155
58,test,result3_1,.jpeg,r f,Method3,82687,r,831
59,test,result3_2,.jpeg,r f,Method3,83498,f,801
60,test,result3_3,.jpeg,r f,Method3,84039,r,531
61,test,result3_4,.jpeg,r f,Method3,84589,r,541
62,test,result3_5,.jpeg,r f,Method3,85582,r,983
63,test,result3_6,.jpeg,r f,Method3,86225,r,634
64,test,result3_7,.jpeg,r f,Method3,86795,r,560
65,test,result3_8,.jpeg,r f,Method3,87681,f,877
66,test,result3_9,.jpeg,r f,Method3,89032,f,1339
67,test,result3_10,.jpeg,r f,Method3,90369,f,1327
68,test,result3_12,.jpeg,r f,Method3,90966,r,587
69,test,result3_13,.jpeg,r f,Method3,91542,r,566
70,test,result3_15,.jpeg,r f,Method3,92404,f,853
71,test,result3_16,.jpeg,r f,Method3,92961,r,548
72,test,result3_18,.jpeg,r f,Method3,93776,r,811
73,test,result3_23,.jpeg,r f,Method3,95085,r,1298
74,test,result3_24,.jpeg,r f,Method3,95626,f,531
75,test,result3_29,.jpeg,r f,Method3,96447,r,812
76,test,result3_27,.jpeg,r f,Method3,97143,r,687
77,test,result3_30,.jpeg,r f,Method3,97951,f,797
78,test,result3_36,.jpeg,r f,Method3,98228,r,268
79,test,result3_37,.jpeg,r f,Method3,98821,r,583
80,test,result3_35,.jpeg,r f,Method3,99411,r,580
81,test,result3_38,.jpeg,r f,Method3,99894,r,473
83,test,result4_0,.jpeg,r f,Method4,102028,r,630
84,test,result4_1,.jpeg,r f,Method4,102879,r,840
85,test,result4_2,.jpeg,r f,Method4,104063,r,1175
86,test,result4_3,.jpeg,r f,Method4,105020,r,948
87,test,result4_4,.jpeg,r f,Method4,105707,f,677
88,test,result4_5,.jpeg,r f,Method4,105975,r,259
89,test,result4_6,.jpeg,r f,Method4,106438,r,453
90,test,result4_7,.jpeg,r f,Method4,106875,r,427
91,test,result4_8,.jpeg,r f,Method4,107477,r,592
92,test,result4_9,.jpeg,r f,Method4,108039,r,549
93,test,result4_10,.jpeg,r f,Method4,109028,f,975
94,test,result4_12,.jpeg,r f,Method4,109405,r,368
95,test,result4_13,.jpeg,r f,Method4,109887,r,474
96,test,result4_15,.jpeg,r f,Method4,110568,f,671
97,test,result4_16,.jpeg,r f,Method4,110879,r,300
98,test,result4_18,.jpeg,r f,Method4,111290,r,403
99,test,result4_23,.jpeg,r f,Method4,111806,r,506
100,test,result4_24,.jpeg,r f,Method4,112350,r,534
101,test,result4_29,.jpeg,r f,Method4,112865,r,505
102,test,result4_27,.jpeg,r f,Method4,113523,r,649
103,test,result4_30,.jpeg,r f,Method4,114447,r,913
104,test,result4_36,.jpeg,r f,Method4,115128,r,672
105,test,result4_37,.jpeg,r f,Method4,116083,r,945
106,test,result4_35,.jpeg,r f,Method4,116872,r,780
107,test,result4_38,.jpeg,r f,Method4,118471,r,1589
109,test,target_0,.jpeg,r f,Target,121541,r,1291
110,test,target_1,.jpeg,r f,Target,122262,r,710
111,test,target_2,.jpeg,r f,Target,122834,r,563
112,test,target_3,.jpeg,r f,Target,123498,r,655
113,test,target_4,.jpeg,r f,Target,124884,r,1380
114,test,target_5,.jpeg,r f,Target,125838,r,945
115,test,target_6,.jpeg,r f,Target,126547,r,698
116,test,target_7,.jpeg,r f,Target,127440,r,884
117,test,target_8,.jpeg,r f,Target,128163,r,713
118,test,target_9,.jpeg,r f,Target,129201,r,1029
119,test,target_10,.jpeg,r f,Target,130998,r,1787
120,test,target_12,.jpeg,r f,Target,131888,r,881
121,test,target_13,.jpeg,r f,Target,132794,r,896
122,test,target_15,.jpeg,r f,Target,133639,r,836
123,test,target_16,.jpeg,r f,Target,134326,r,675
124,test,target_18,.jpeg,r f,Target,134906,r,571
125,test,target_23,.jpeg,r f,Target,135381,r,465
126,test,target_24,.jpeg,r f,Target,135827,r,437
127,test,target_29,.jpeg,r f,Target,136469,r,633
128,test,target_27,.jpeg,r f,Target,136973,r,494
129,test,target_30,.jpeg,r f,Target,137614,r,631
130,test,target_36,.jpeg,r f,Target,138122,r,498
131,test,target_37,.jpeg,r f,Target,138621,r,489
132,test,target_35,.jpeg,r f,Target,139176,r,546
133,test,target_38,.jpeg,r f,Target,139665,r,479