GMT_timestamp,local_timestamp,link,calibration
2022-04-18_19:03:23,2022-04-18_20:03:23,https://www.testable.org/experiment/8526/794296/start,1

rowNo,type,stim1,stimFormat,keyboard,method,timestamp,response,RT
5,test,result1_0,.jpeg,r f,Method1,23291,f,1576
6,test,result1_1,.jpeg,r f,Method1,23603,f,306
7,test,result1_2,.jpeg,r f,Method1,24003,f,396
8,test,result1_3,.jpeg,r f,Method1,24387,r,380
9,test,result1_4,.jpeg,r f,Method1,24595,f,204
10,test,result1_5,.jpeg,r f,Method1,24947,f,348
11,test,result1_6,.jpeg,r f,Method1,25219,r,269
12,test,result1_7,.jpeg,r f,Method1,25379,f,155
13,test,result1_8,.jpeg,r f,Method1,25667,r,284
14,test,result1_9,.jpeg,r f,Method1,25811,f,140
15,test,result1_10,.jpeg,r f,Method1,26987,r,1173
16,test,result1_12,.jpeg,r f,Method1,27691,f,701
17,test,result1_13,.jpeg,r f,Method1,29515,f,1820
18,test,result1_15,.jpeg,r f,Method1,30268,f,750
19,test,result1_16,.jpeg,r f,Method1,31051,f,779
20,test,result1_18,.jpeg,r f,Method1,31651,f,596
21,test,result1_23,.jpeg,r f,Method1,32155,f,501
22,test,result1_24,.jpeg,r f,Method1,32627,f,469
23,test,result1_29,.jpeg,r f,Method1,33819,f,1189
24,test,result1_27,.jpeg,r f,Method1,34931,r,1108
25,test,result1_30,.jpeg,r f,Method1,35458,f,524
26,test,result1_36,.jpeg,r f,Method1,36931,f,1469
27,test,result1_37,.jpeg,r f,Method1,38059,f,1125
28,test,result1_35,.jpeg,r f,Method1,38459,f,397
29,test,result1_38,.jpeg,r f,Method1,38667,r,204
31,test,result2_0,.jpeg,r f,Method2,40651,f,690
32,test,result2_1,.jpeg,r f,Method2,41371,f,716
33,test,result2_2,.jpeg,r f,Method2,41587,f,213
34,test,result2_3,.jpeg,r f,Method2,42275,r,685
35,test,result2_4,.jpeg,r f,Method2,43627,f,1349
36,test,result2_5,.jpeg,r f,Method2,47723,f,4093
37,test,result2_6,.jpeg,r f,Method2,48795,r,1069
38,test,result2_7,.jpeg,r f,Method2,49611,f,812
39,test,result2_8,.jpeg,r f,Method2,49971,r,357
40,test,result2_9,.jpeg,r f,Method2,50323,f,348
41,test,result2_10,.jpeg,r f,Method2,50627,f,301
42,test,result2_12,.jpeg,r f,Method2,50931,f,301
43,test,result2_13,.jpeg,r f,Method2,51387,f,453
44,test,result2_15,.jpeg,r f,Method2,51931,f,541
45,test,result2_16,.jpeg,r f,Method2,52315,f,380
46,test,result2_18,.jpeg,r f,Method2,52651,f,333
47,test,result2_23,.jpeg,r f,Method2,53491,r,837
48,test,result2_24,.jpeg,r f,Method2,54379,r,885
49,test,result2_29,.jpeg,r f,Method2,54795,f,412
50,test,result2_27,.jpeg,r f,Method2,55899,r,1101
51,test,result2_30,.jpeg,r f,Method2,56475,f,573
52,test,result2_36,.jpeg,r f,Method2,57395,r,917
53,test,result2_37,.jpeg,r f,Method2,58275,r,877
54,test,result2_35,.jpeg,r f,Method2,58883,f,605
55,test,result2_38,.jpeg,r f,Method2,59371,f,485
57,test,result3_0,.jpeg,r f,Method3,60667,f,426
58,test,result3_1,.jpeg,r f,Method3,60915,f,245
59,test,result3_2,.jpeg,r f,Method3,61195,r,277
60,test,result3_3,.jpeg,r f,Method3,61523,r,325
61,test,result3_4,.jpeg,r f,Method3,61875,f,349
62,test,result3_5,.jpeg,r f,Method3,62219,f,341
63,test,result3_6,.jpeg,r f,Method3,62674,r,452
64,test,result3_7,.jpeg,r f,Method3,62891,r,213
65,test,result3_8,.jpeg,r f,Method3,63107,r,213
66,test,result3_9,.jpeg,r f,Method3,63331,r,221
67,test,result3_10,.jpeg,r f,Method3,63659,r,325
68,test,result3_12,.jpeg,r f,Method3,63875,r,213
69,test,result3_13,.jpeg,r f,Method3,64083,r,205
70,test,result3_15,.jpeg,r f,Method3,64307,r,221
71,test,result3_16,.jpeg,r f,Method3,64507,r,197
72,test,result3_18,.jpeg,r f,Method3,64683,f,173
73,test,result3_23,.jpeg,r f,Method3,65043,r,357
74,test,result3_24,.jpeg,r f,Method3,65291,r,245
75,test,result3_29,.jpeg,r f,Method3,65483,r,189
76,test,result3_27,.jpeg,r f,Method3,65699,f,213
77,test,result3_30,.jpeg,r f,Method3,65963,r,261
78,test,result3_36,.jpeg,r f,Method3,66179,r,213
79,test,result3_37,.jpeg,r f,Method3,66355,r,173
80,test,result3_35,.jpeg,r f,Method3,66843,r,485
81,test,result3_38,.jpeg,r f,Method3,67179,f,333
83,test,result4_0,.jpeg,r f,Method4,68563,f,554
84,test,result4_1,.jpeg,r f,Method4,68779,r,213
85,test,result4_2,.jpeg,r f,Method4,69219,r,437
86,test,result4_3,.jpeg,r f,Method4,69931,r,709
87,test,result4_4,.jpeg,r f,Method4,70499,f,565
88,test,result4_5,.jpeg,r f,Method4,70891,r,388
89,test,result4_6,.jpeg,r f,Method4,71187,r,293
90,test,result4_7,.jpeg,r f,Method4,71819,f,629
91,test,result4_8,.jpeg,r f,Method4,72219,r,396
92,test,result4_9,.jpeg,r f,Method4,72539,f,317
93,test,result4_10,.jpeg,r f,Method4,72963,r,421
94,test,result4_12,.jpeg,r f,Method4,73155,r,189
95,test,result4_13,.jpeg,r f,Method4,73371,f,213
96,test,result4_15,.jpeg,r f,Method4,73642,r,269
97,test,result4_16,.jpeg,r f,Method4,73827,r,181
98,test,result4_18,.jpeg,r f,Method4,74011,f,181
99,test,result4_23,.jpeg,r f,Method4,74227,f,213
100,test,result4_24,.jpeg,r f,Method4,74379,r,150
101,test,result4_29,.jpeg,r f,Method4,74603,r,220
102,test,result4_27,.jpeg,r f,Method4,74858,f,253
103,test,result4_30,.jpeg,r f,Method4,75219,r,357
104,test,result4_36,.jpeg,r f,Method4,75387,f,165
105,test,result4_37,.jpeg,r f,Method4,75835,r,445
106,test,result4_35,.jpeg,r f,Method4,76227,r,389
107,test,result4_38,.jpeg,r f,Method4,76475,r,245
109,test,target_0,.jpeg,r f,Target,79659,r,994
110,test,target_1,.jpeg,r f,Target,79851,r,188
111,test,target_2,.jpeg,r f,Target,80019,r,165
112,test,target_3,.jpeg,r f,Target,80307,f,284
113,test,target_4,.jpeg,r f,Target,80611,r,302
114,test,target_5,.jpeg,r f,Target,80843,r,228
115,test,target_6,.jpeg,r f,Target,81011,r,165
116,test,target_7,.jpeg,r f,Target,81187,r,173
117,test,target_8,.jpeg,r f,Target,81355,r,165
118,test,target_9,.jpeg,r f,Target,81523,r,165
119,test,target_10,.jpeg,r f,Target,81843,f,317
120,test,target_12,.jpeg,r f,Target,82107,r,261
121,test,target_13,.jpeg,r f,Target,82299,r,189
122,test,target_15,.jpeg,r f,Target,82451,r,149
123,test,target_16,.jpeg,r f,Target,82626,r,173
124,test,target_18,.jpeg,r f,Target,83435,r,806
125,test,target_23,.jpeg,r f,Target,84051,r,613
126,test,target_24,.jpeg,r f,Target,84563,r,509
127,test,target_29,.jpeg,r f,Target,85227,r,661
128,test,target_27,.jpeg,r f,Target,85675,r,444
129,test,target_30,.jpeg,r f,Target,86187,r,509
130,test,target_36,.jpeg,r f,Target,86563,r,373
131,test,target_37,.jpeg,r f,Target,87107,r,541
132,test,target_35,.jpeg,r f,Target,87283,r,173
133,test,target_38,.jpeg,r f,Target,87467,r,181