GMT_timestamp,local_timestamp,link,calibration
2022-04-19_00:30:45,2022-04-19_01:30:45,https://www.testable.org/experiment/8526/794296/start,1

rowNo,type,stim1,stimFormat,keyboard,method,timestamp,response,RT
5,test,result1_0,.jpeg,r f,Method1,14081,f,1595
6,test,result1_1,.jpeg,r f,Method1,14998,f,898
7,test,result1_2,.jpeg,r f,Method1,16181,f,1166
8,test,result1_3,.jpeg,r f,Method1,17237,r,1050
9,test,result1_4,.jpeg,r f,Method1,17766,f,519
10,test,result1_5,.jpeg,r f,Method1,18376,f,594
11,test,result1_6,.jpeg,r f,Method1,18934,f,544
12,test,result1_7,.jpeg,r f,Method1,19800,f,852
13,test,result1_8,.jpeg,r f,Method1,20447,r,632
14,test,result1_9,.jpeg,r f,Method1,21493,r,1033
15,test,result1_10,.jpeg,r f,Method1,22129,f,621
16,test,result1_12,.jpeg,r f,Method1,22907,r,762
17,test,result1_13,.jpeg,r f,Method1,23697,f,776
18,test,result1_15,.jpeg,r f,Method1,24484,f,774
19,test,result1_16,.jpeg,r f,Method1,25278,f,782
20,test,result1_18,.jpeg,r f,Method1,26076,f,787
21,test,result1_23,.jpeg,r f,Method1,27039,r,950
22,test,result1_24,.jpeg,r f,Method1,27704,r,652
23,test,result1_29,.jpeg,r f,Method1,28444,r,727
24,test,result1_27,.jpeg,r f,Method1,29043,f,587
25,test,result1_30,.jpeg,r f,Method1,29570,r,515
26,test,result1_36,.jpeg,r f,Method1,30250,f,668
27,test,result1_37,.jpeg,r f,Method1,30679,r,416
28,test,result1_35,.jpeg,r f,Method1,31351,r,659
29,test,result1_38,.jpeg,r f,Method1,33052,r,1691
31,test,result2_0,.jpeg,r f,Method2,35860,r,1139
32,test,result2_1,.jpeg,r f,Method2,36563,f,690
33,test,result2_2,.jpeg,r f,Method2,37332,r,756
34,test,result2_3,.jpeg,r f,Method2,38182,r,839
35,test,result2_4,.jpeg,r f,Method2,39697,r,1504
36,test,result2_5,.jpeg,r f,Method2,40482,f,772
37,test,result2_6,.jpeg,r f,Method2,41083,f,591
38,test,result2_7,.jpeg,r f,Method2,41700,f,605
39,test,result2_8,.jpeg,r f,Method2,42272,r,561
40,test,result2_9,.jpeg,r f,Method2,43075,f,791
41,test,result2_10,.jpeg,r f,Method2,43977,f,892
42,test,result2_12,.jpeg,r f,Method2,44545,r,557
43,test,result2_13,.jpeg,r f,Method2,45097,r,541
44,test,result2_15,.jpeg,r f,Method2,46056,f,948
45,test,result2_16,.jpeg,r f,Method2,46746,r,679
46,test,result2_18,.jpeg,r f,Method2,47641,r,885
47,test,result2_23,.jpeg,r f,Method2,48329,r,676
48,test,result2_24,.jpeg,r f,Method2,49298,r,965
49,test,result2_29,.jpeg,r f,Method2,50404,r,1102
50,test,result2_27,.jpeg,r f,Method2,51692,f,1276
51,test,result2_30,.jpeg,r f,Method2,52953,r,1249
52,test,result2_36,.jpeg,r f,Method2,53702,r,743
53,test,result2_37,.jpeg,r f,Method2,54431,r,717
54,test,result2_35,.jpeg,r f,Method2,55400,f,957
55,test,result2_38,.jpeg,r f,Method2,56510,r,1100
57,test,result3_0,.jpeg,r f,Method3,59452,r,1162
58,test,result3_1,.jpeg,r f,Method3,60858,r,1394
59,test,result3_2,.jpeg,r f,Method3,61707,f,838
60,test,result3_3,.jpeg,r f,Method3,62784,r,1061
61,test,result3_4,.jpeg,r f,Method3,63755,f,961
62,test,result3_5,.jpeg,r f,Method3,64617,f,852
63,test,result3_6,.jpeg,r f,Method3,65265,f,643
64,test,result3_7,.jpeg,r f,Method3,65963,r,689
65,test,result3_8,.jpeg,r f,Method3,67311,r,1337
66,test,result3_9,.jpeg,r f,Method3,68130,f,806
67,test,result3_10,.jpeg,r f,Method3,69154,f,1015
68,test,result3_12,.jpeg,r f,Method3,69752,r,587
69,test,result3_13,.jpeg,r f,Method3,70285,r,520
70,test,result3_15,.jpeg,r f,Method3,71182,f,885
71,test,result3_16,.jpeg,r f,Method3,71674,r,482
72,test,result3_18,.jpeg,r f,Method3,72118,r,433
73,test,result3_23,.jpeg,r f,Method3,73040,r,893
74,test,result3_24,.jpeg,r f,Method3,73587,r,528
75,test,result3_29,.jpeg,r f,Method3,74770,r,1165
76,test,result3_27,.jpeg,r f,Method3,77003,r,2216
77,test,result3_30,.jpeg,r f,Method3,77867,r,849
78,test,result3_36,.jpeg,r f,Method3,78956,r,1074
79,test,result3_37,.jpeg,r f,Method3,79709,r,739
80,test,result3_35,.jpeg,r f,Method3,80710,f,986
81,test,result3_38,.jpeg,r f,Method3,83000,f,2283
83,test,result4_0,.jpeg,r f,Method4,85981,r,1178
84,test,result4_1,.jpeg,r f,Method4,86753,f,757
85,test,result4_2,.jpeg,r f,Method4,88531,f,1765
86,test,result4_3,.jpeg,r f,Method4,89027,r,483
87,test,result4_4,.jpeg,r f,Method4,89499,r,462
88,test,result4_5,.jpeg,r f,Method4,89952,r,439
89,test,result4_6,.jpeg,r f,Method4,91032,r,1069
90,test,result4_7,.jpeg,r f,Method4,91588,f,541
91,test,result4_8,.jpeg,r f,Method4,92108,r,509
92,test,result4_9,.jpeg,r f,Method4,92776,f,657
93,test,result4_10,.jpeg,r f,Method4,93641,f,853
94,test,result4_12,.jpeg,r f,Method4,94256,r,603
95,test,result4_13,.jpeg,r f,Method4,94797,r,529
96,test,result4_15,.jpeg,r f,Method4,95326,r,518
97,test,result4_16,.jpeg,r f,Method4,96251,r,914
98,test,result4_18,.jpeg,r f,Method4,96782,r,515
99,test,result4_23,.jpeg,r f,Method4,97303,r,517
100,test,result4_24,.jpeg,r f,Method4,97763,r,452
101,test,result4_29,.jpeg,r f,Method4,98171,r,396
102,test,result4_27,.jpeg,r f,Method4,98700,r,517
103,test,result4_30,.jpeg,r f,Method4,99168,r,456
104,test,result4_36,.jpeg,r f,Method4,99946,f,765
105,test,result4_37,.jpeg,r f,Method4,101109,r,1151
106,test,result4_35,.jpeg,r f,Method4,101722,r,600
107,test,result4_38,.jpeg,r f,Method4,102647,f,913
109,test,target_0,.jpeg,r f,Target,105500,r,903
110,test,target_1,.jpeg,r f,Target,106232,r,718
111,test,target_2,.jpeg,r f,Target,106780,r,538
112,test,target_3,.jpeg,r f,Target,107493,r,700
113,test,target_4,.jpeg,r f,Target,107910,r,406
114,test,target_5,.jpeg,r f,Target,108349,r,427
115,test,target_6,.jpeg,r f,Target,108823,r,463
116,test,target_7,.jpeg,r f,Target,109691,r,856
117,test,target_8,.jpeg,r f,Target,110177,r,476
118,test,target_9,.jpeg,r f,Target,110655,r,468
119,test,target_10,.jpeg,r f,Target,111176,r,510
120,test,target_12,.jpeg,r f,Target,111692,r,505
121,test,target_13,.jpeg,r f,Target,112230,r,526
122,test,target_15,.jpeg,r f,Target,112743,r,498
123,test,target_16,.jpeg,r f,Target,113263,r,515
124,test,target_18,.jpeg,r f,Target,114113,r,838
125,test,target_23,.jpeg,r f,Target,114939,r,816
126,test,target_24,.jpeg,r f,Target,116418,r,1470
127,test,target_29,.jpeg,r f,Target,117171,r,742
128,test,target_27,.jpeg,r f,Target,117797,r,615
129,test,target_30,.jpeg,r f,Target,118373,r,565
130,test,target_36,.jpeg,r f,Target,118803,r,417
131,test,target_37,.jpeg,r f,Target,119295,r,482
132,test,target_35,.jpeg,r f,Target,120082,r,777
133,test,target_38,.jpeg,r f,Target,120843,r,751