GMT_timestamp,local_timestamp,link,calibration
2022-04-19_00:28:03,2022-04-19_01:28:03,https://www.testable.org/experiment/8526/794296/start,1

rowNo,type,stim1,stimFormat,keyboard,method,timestamp,response,RT
5,test,result1_0,.jpeg,r f,Method1,14918,f,2026
6,test,result1_1,.jpeg,r f,Method1,15675,f,742
7,test,result1_2,.jpeg,r f,Method1,16407,f,719
8,test,result1_3,.jpeg,r f,Method1,16973,r,555
9,test,result1_4,.jpeg,r f,Method1,17571,f,587
10,test,result1_5,.jpeg,r f,Method1,17999,r,416
11,test,result1_6,.jpeg,r f,Method1,18579,r,568
12,test,result1_7,.jpeg,r f,Method1,19241,f,657
13,test,result1_8,.jpeg,r f,Method1,19785,r,534
14,test,result1_9,.jpeg,r f,Method1,20847,f,1051
15,test,result1_10,.jpeg,r f,Method1,21605,f,748
16,test,result1_12,.jpeg,r f,Method1,22156,r,540
17,test,result1_13,.jpeg,r f,Method1,23566,r,1399
18,test,result1_15,.jpeg,r f,Method1,24584,f,1005
19,test,result1_16,.jpeg,r f,Method1,25230,f,636
20,test,result1_18,.jpeg,r f,Method1,26173,f,931
21,test,result1_23,.jpeg,r f,Method1,26578,r,395
22,test,result1_24,.jpeg,r f,Method1,27318,r,730
23,test,result1_29,.jpeg,r f,Method1,27955,r,625
24,test,result1_27,.jpeg,r f,Method1,29120,r,1154
25,test,result1_30,.jpeg,r f,Method1,30011,r,881
26,test,result1_36,.jpeg,r f,Method1,30669,f,648
27,test,result1_37,.jpeg,r f,Method1,31564,r,884
28,test,result1_35,.jpeg,r f,Method1,32756,f,1181
29,test,result1_38,.jpeg,r f,Method1,33198,r,432
31,test,result2_0,.jpeg,r f,Method2,36777,r,1550
32,test,result2_1,.jpeg,r f,Method2,37530,f,741
33,test,result2_2,.jpeg,r f,Method2,37955,r,415
34,test,result2_3,.jpeg,r f,Method2,38485,f,520
35,test,result2_4,.jpeg,r f,Method2,39175,r,680
36,test,result2_5,.jpeg,r f,Method2,39674,r,489
37,test,result2_6,.jpeg,r f,Method2,40136,r,453
38,test,result2_7,.jpeg,r f,Method2,40608,r,462
39,test,result2_8,.jpeg,r f,Method2,41975,r,1356
40,test,result2_9,.jpeg,r f,Method2,42608,r,622
41,test,result2_10,.jpeg,r f,Method2,43144,f,526
42,test,result2_12,.jpeg,r f,Method2,43786,f,633
43,test,result2_13,.jpeg,r f,Method2,44249,r,452
44,test,result2_15,.jpeg,r f,Method2,45154,f,894
45,test,result2_16,.jpeg,r f,Method2,45819,r,655
46,test,result2_18,.jpeg,r f,Method2,46332,f,501
47,test,result2_23,.jpeg,r f,Method2,46854,f,513
48,test,result2_24,.jpeg,r f,Method2,47362,f,498
49,test,result2_29,.jpeg,r f,Method2,48155,r,783
50,test,result2_27,.jpeg,r f,Method2,48987,r,821
51,test,result2_30,.jpeg,r f,Method2,49552,r,555
52,test,result2_36,.jpeg,r f,Method2,50023,r,460
53,test,result2_37,.jpeg,r f,Method2,50512,r,479
54,test,result2_35,.jpeg,r f,Method2,51686,f,1168
55,test,result2_38,.jpeg,r f,Method2,52280,r,584
57,test,result3_0,.jpeg,r f,Method3,55543,r,1085
58,test,result3_1,.jpeg,r f,Method3,56539,r,985
59,test,result3_2,.jpeg,r f,Method3,57287,f,738
60,test,result3_3,.jpeg,r f,Method3,58031,r,735
61,test,result3_4,.jpeg,r f,Method3,58899,f,858
62,test,result3_5,.jpeg,r f,Method3,59833,r,923
63,test,result3_6,.jpeg,r f,Method3,60679,f,834
64,test,result3_7,.jpeg,r f,Method3,61374,f,678
65,test,result3_8,.jpeg,r f,Method3,62115,f,732
66,test,result3_9,.jpeg,r f,Method3,63077,f,952
67,test,result3_10,.jpeg,r f,Method3,64099,f,1012
68,test,result3_12,.jpeg,r f,Method3,65136,r,1026
69,test,result3_13,.jpeg,r f,Method3,65990,r,844
70,test,result3_15,.jpeg,r f,Method3,66750,f,751
71,test,result3_16,.jpeg,r f,Method3,67246,r,487
72,test,result3_18,.jpeg,r f,Method3,67719,f,464
73,test,result3_23,.jpeg,r f,Method3,68318,f,589
74,test,result3_24,.jpeg,r f,Method3,69113,f,785
75,test,result3_29,.jpeg,r f,Method3,69473,r,350
76,test,result3_27,.jpeg,r f,Method3,70098,r,617
77,test,result3_30,.jpeg,r f,Method3,70489,r,383
78,test,result3_36,.jpeg,r f,Method3,71102,r,603
79,test,result3_37,.jpeg,r f,Method3,71497,r,386
80,test,result3_35,.jpeg,r f,Method3,71899,r,392
81,test,result3_38,.jpeg,r f,Method3,72892,r,984
83,test,result4_0,.jpeg,r f,Method4,75408,r,1019
84,test,result4_1,.jpeg,r f,Method4,76326,r,907
85,test,result4_2,.jpeg,r f,Method4,76809,f,474
86,test,result4_3,.jpeg,r f,Method4,77465,r,647
87,test,result4_4,.jpeg,r f,Method4,78105,r,630
88,test,result4_5,.jpeg,r f,Method4,79549,r,1435
89,test,result4_6,.jpeg,r f,Method4,80160,f,602
90,test,result4_7,.jpeg,r f,Method4,80874,f,704
91,test,result4_8,.jpeg,r f,Method4,81968,f,1085
92,test,result4_9,.jpeg,r f,Method4,82509,r,531
93,test,result4_10,.jpeg,r f,Method4,83296,f,782
94,test,result4_12,.jpeg,r f,Method4,83858,r,552
95,test,result4_13,.jpeg,r f,Method4,84532,r,666
96,test,result4_15,.jpeg,r f,Method4,85329,f,788
97,test,result4_16,.jpeg,r f,Method4,85865,r,524
98,test,result4_18,.jpeg,r f,Method4,86341,r,467
99,test,result4_23,.jpeg,r f,Method4,87299,r,948
100,test,result4_24,.jpeg,r f,Method4,87974,r,665
101,test,result4_29,.jpeg,r f,Method4,89252,r,1269
102,test,result4_27,.jpeg,r f,Method4,90258,r,1002
103,test,result4_30,.jpeg,r f,Method4,91150,r,882
104,test,result4_36,.jpeg,r f,Method4,91883,r,723
105,test,result4_37,.jpeg,r f,Method4,92510,r,618
106,test,result4_35,.jpeg,r f,Method4,93111,r,591
107,test,result4_38,.jpeg,r f,Method4,93862,r,741
109,test,target_0,.jpeg,r f,Target,97265,r,1302
110,test,target_1,.jpeg,r f,Target,98123,r,848
111,test,target_2,.jpeg,r f,Target,98728,r,596
112,test,target_3,.jpeg,r f,Target,99444,r,707
113,test,target_4,.jpeg,r f,Target,100417,r,964
114,test,target_5,.jpeg,r f,Target,101614,r,1189
115,test,target_6,.jpeg,r f,Target,102685,f,1061
116,test,target_7,.jpeg,r f,Target,102944,r,249
117,test,target_8,.jpeg,r f,Target,103538,r,585
118,test,target_9,.jpeg,r f,Target,104078,r,530
119,test,target_10,.jpeg,r f,Target,104623,r,535
120,test,target_12,.jpeg,r f,Target,105272,r,640
121,test,target_13,.jpeg,r f,Target,106519,r,1238
122,test,target_15,.jpeg,r f,Target,107260,r,731
123,test,target_16,.jpeg,r f,Target,107813,r,543
124,test,target_18,.jpeg,r f,Target,108385,r,563
125,test,target_23,.jpeg,r f,Target,108891,r,496
126,test,target_24,.jpeg,r f,Target,109366,r,465
127,test,target_29,.jpeg,r f,Target,109902,r,527
128,test,target_27,.jpeg,r f,Target,110432,r,519
129,test,target_30,.jpeg,r f,Target,110956,r,514
130,test,target_36,.jpeg,r f,Target,111436,r,470
131,test,target_37,.jpeg,r f,Target,111955,r,509
132,test,target_35,.jpeg,r f,Target,112516,r,551
133,test,target_38,.jpeg,r f,Target,113023,r,499