GMT_timestamp,local_timestamp,link,calibration
2022-04-18_22:01:27,2022-04-19_01:01:27,https://www.testable.org/experiment/8526/794296/start,1.04

rowNo,type,stim1,stimFormat,keyboard,method,timestamp,response,RT
5,test,result1_0,.jpeg,r f,Method1,240617,f,13826
6,test,result1_1,.jpeg,r f,Method1,251272,r,10631
7,test,result1_2,.jpeg,r f,Method1,255694,r,4418
8,test,result1_3,.jpeg,r f,Method1,266814,r,11104
9,test,result1_4,.jpeg,r f,Method1,273981,f,7154
10,test,result1_5,.jpeg,r f,Method1,284737,f,10739
11,test,result1_6,.jpeg,r f,Method1,291666,f,6912
12,test,result1_7,.jpeg,r f,Method1,296683,f,5008
13,test,result1_8,.jpeg,r f,Method1,302569,r,5872
14,test,result1_9,.jpeg,r f,Method1,306273,r,3687
15,test,result1_10,.jpeg,r f,Method1,310879,f,4592
16,test,result1_12,.jpeg,r f,Method1,314382,r,3486
17,test,result1_13,.jpeg,r f,Method1,321471,f,7075
18,test,result1_15,.jpeg,r f,Method1,327214,r,5729
19,test,result1_16,.jpeg,r f,Method1,331025,r,3796
20,test,result1_18,.jpeg,r f,Method1,335435,r,4395
21,test,result1_23,.jpeg,r f,Method1,338302,r,2853
22,test,result1_24,.jpeg,r f,Method1,343154,r,4842
23,test,result1_29,.jpeg,r f,Method1,347799,f,4640
24,test,result1_27,.jpeg,r f,Method1,350038,r,2224
25,test,result1_30,.jpeg,r f,Method1,351179,r,1126
26,test,result1_36,.jpeg,r f,Method1,353362,r,2179
27,test,result1_37,.jpeg,r f,Method1,357411,r,4031
28,test,result1_35,.jpeg,r f,Method1,361234,r,3813
29,test,result1_38,.jpeg,r f,Method1,362343,r,1095
31,test,result2_0,.jpeg,r f,Method2,377049,r,4639
32,test,result2_1,.jpeg,r f,Method2,381964,f,4896
33,test,result2_2,.jpeg,r f,Method2,384352,r,2375
34,test,result2_3,.jpeg,r f,Method2,385115,r,741
35,test,result2_4,.jpeg,r f,Method2,388222,f,3089
36,test,result2_5,.jpeg,r f,Method2,390250,f,2014
37,test,result2_6,.jpeg,r f,Method2,391672,r,1408
38,test,result2_7,.jpeg,r f,Method2,393967,r,2281
39,test,result2_8,.jpeg,r f,Method2,396974,r,2998
40,test,result2_9,.jpeg,r f,Method2,398032,r,1045
41,test,result2_10,.jpeg,r f,Method2,402228,r,4183
42,test,result2_12,.jpeg,r f,Method2,403602,r,1359
43,test,result2_13,.jpeg,r f,Method2,407554,r,3933
44,test,result2_15,.jpeg,r f,Method2,412424,r,4855
45,test,result2_16,.jpeg,r f,Method2,413674,r,1236
46,test,result2_18,.jpeg,r f,Method2,415792,r,2101
47,test,result2_23,.jpeg,r f,Method2,421846,f,6039
48,test,result2_24,.jpeg,r f,Method2,424908,r,3049
49,test,result2_29,.jpeg,r f,Method2,426669,r,1746
50,test,result2_27,.jpeg,r f,Method2,427454,r,773
51,test,result2_30,.jpeg,r f,Method2,428453,r,995
52,test,result2_36,.jpeg,r f,Method2,429144,r,682
53,test,result2_37,.jpeg,r f,Method2,430286,r,1127
54,test,result2_35,.jpeg,r f,Method2,431810,f,1511
55,test,result2_38,.jpeg,r f,Method2,433904,r,2090
57,test,result3_0,.jpeg,r f,Method3,439514,f,1265
58,test,result3_1,.jpeg,r f,Method3,440885,r,1360
59,test,result3_2,.jpeg,r f,Method3,442849,r,1951
60,test,result3_3,.jpeg,r f,Method3,444029,r,1165
61,test,result3_4,.jpeg,r f,Method3,447991,f,3948
62,test,result3_5,.jpeg,r f,Method3,450915,r,2909
63,test,result3_6,.jpeg,r f,Method3,452136,r,1207
64,test,result3_7,.jpeg,r f,Method3,453112,r,957
65,test,result3_8,.jpeg,r f,Method3,455751,r,2625
66,test,result3_9,.jpeg,r f,Method3,457324,f,1558
67,test,result3_10,.jpeg,r f,Method3,458453,f,1109
68,test,result3_12,.jpeg,r f,Method3,460964,f,2500
69,test,result3_13,.jpeg,r f,Method3,464319,r,3342
70,test,result3_15,.jpeg,r f,Method3,466458,f,2125
71,test,result3_16,.jpeg,r f,Method3,469694,r,3221
72,test,result3_18,.jpeg,r f,Method3,471192,f,1486
73,test,result3_23,.jpeg,r f,Method3,473049,f,1836
74,test,result3_24,.jpeg,r f,Method3,476781,f,3728
75,test,result3_29,.jpeg,r f,Method3,480957,r,4172
76,test,result3_27,.jpeg,r f,Method3,483724,f,2759
77,test,result3_30,.jpeg,r f,Method3,486085,r,2346
78,test,result3_36,.jpeg,r f,Method3,486814,r,716
79,test,result3_37,.jpeg,r f,Method3,488674,r,1851
80,test,result3_35,.jpeg,r f,Method3,490355,r,1664
81,test,result3_38,.jpeg,r f,Method3,497331,f,6963
83,test,result4_0,.jpeg,r f,Method4,503717,r,2442
84,test,result4_1,.jpeg,r f,Method4,504916,r,1191
85,test,result4_2,.jpeg,r f,Method4,506030,r,1101
86,test,result4_3,.jpeg,r f,Method4,506955,r,912
87,test,result4_4,.jpeg,r f,Method4,514336,r,7366
88,test,result4_5,.jpeg,r f,Method4,521285,r,6943
89,test,result4_6,.jpeg,r f,Method4,522393,r,1089
90,test,result4_7,.jpeg,r f,Method4,523263,r,856
91,test,result4_8,.jpeg,r f,Method4,528281,r,5008
92,test,result4_9,.jpeg,r f,Method4,529688,r,1390
93,test,result4_10,.jpeg,r f,Method4,531264,r,1560
94,test,result4_12,.jpeg,r f,Method4,532126,r,846
95,test,result4_13,.jpeg,r f,Method4,533758,r,1614
96,test,result4_15,.jpeg,r f,Method4,535062,f,1299
97,test,result4_16,.jpeg,r f,Method4,539981,f,4904
98,test,result4_18,.jpeg,r f,Method4,542446,f,2452
99,test,result4_23,.jpeg,r f,Method4,544148,f,1683
100,test,result4_24,.jpeg,r f,Method4,545995,r,1829
101,test,result4_29,.jpeg,r f,Method4,546933,r,922
102,test,result4_27,.jpeg,r f,Method4,547879,r,933
103,test,result4_30,.jpeg,r f,Method4,548839,r,956
104,test,result4_36,.jpeg,r f,Method4,549864,r,1020
105,test,result4_37,.jpeg,r f,Method4,551930,r,2053
106,test,result4_35,.jpeg,r f,Method4,553493,r,1559
107,test,result4_38,.jpeg,r f,Method4,556733,f,3235
109,test,target_0,.jpeg,r f,Target,561200,r,960
110,test,target_1,.jpeg,r f,Target,562284,r,1078
111,test,target_2,.jpeg,r f,Target,569169,r,6871
112,test,target_3,.jpeg,r f,Target,570647,r,1463
113,test,target_4,.jpeg,r f,Target,572974,f,2312
114,test,target_5,.jpeg,r f,Target,574000,r,1011
115,test,target_6,.jpeg,r f,Target,574887,r,867
116,test,target_7,.jpeg,r f,Target,575946,r,1045
117,test,target_8,.jpeg,r f,Target,577375,r,1423
118,test,target_9,.jpeg,r f,Target,579045,r,1660
119,test,target_10,.jpeg,r f,Target,580224,r,1161
120,test,target_12,.jpeg,r f,Target,580976,r,747
121,test,target_13,.jpeg,r f,Target,583373,r,2375
122,test,target_15,.jpeg,r f,Target,584382,r,995
123,test,target_16,.jpeg,r f,Target,587531,r,3135
124,test,target_18,.jpeg,r f,Target,588653,r,1105
125,test,target_23,.jpeg,r f,Target,589802,r,1131
126,test,target_24,.jpeg,r f,Target,590925,r,1106
127,test,target_29,.jpeg,r f,Target,591837,r,893
128,test,target_27,.jpeg,r f,Target,593374,r,1517
129,test,target_30,.jpeg,r f,Target,594164,r,770
130,test,target_36,.jpeg,r f,Target,594905,r,725
131,test,target_37,.jpeg,r f,Target,596328,r,1406
132,test,target_35,.jpeg,r f,Target,597250,r,913
133,test,target_38,.jpeg,r f,Target,598771,r,1504