GMT_timestamp,local_timestamp,link,calibration
2022-04-19_00:33:08,2022-04-19_01:33:08,https://www.testable.org/experiment/8526/794296/start,1

rowNo,type,stim1,stimFormat,keyboard,method,timestamp,response,RT
5,test,result1_0,.jpeg,r f,Method1,15571,f,1709
6,test,result1_1,.jpeg,r f,Method1,16372,f,784
7,test,result1_2,.jpeg,r f,Method1,17132,r,747
8,test,result1_3,.jpeg,r f,Method1,17621,r,482
9,test,result1_4,.jpeg,r f,Method1,18882,r,1250
10,test,result1_5,.jpeg,r f,Method1,19833,f,941
11,test,result1_6,.jpeg,r f,Method1,20865,f,1019
12,test,result1_7,.jpeg,r f,Method1,21875,f,999
13,test,result1_8,.jpeg,r f,Method1,23000,r,1113
14,test,result1_9,.jpeg,r f,Method1,23513,r,503
15,test,result1_10,.jpeg,r f,Method1,24270,f,747
16,test,result1_12,.jpeg,r f,Method1,26189,r,1908
17,test,result1_13,.jpeg,r f,Method1,27201,f,1002
18,test,result1_15,.jpeg,r f,Method1,27898,f,687
19,test,result1_16,.jpeg,r f,Method1,28564,r,657
20,test,result1_18,.jpeg,r f,Method1,29451,f,875
21,test,result1_23,.jpeg,r f,Method1,29810,r,349
22,test,result1_24,.jpeg,r f,Method1,30317,r,497
23,test,result1_29,.jpeg,r f,Method1,30855,r,527
24,test,result1_27,.jpeg,r f,Method1,31494,r,628
25,test,result1_30,.jpeg,r f,Method1,32057,r,553
26,test,result1_36,.jpeg,r f,Method1,32675,f,602
27,test,result1_37,.jpeg,r f,Method1,33499,r,818
28,test,result1_35,.jpeg,r f,Method1,34233,f,725
29,test,result1_38,.jpeg,r f,Method1,34831,r,588
31,test,result2_0,.jpeg,r f,Method2,39924,f,2729
32,test,result2_1,.jpeg,r f,Method2,40694,f,759
33,test,result2_2,.jpeg,r f,Method2,41758,r,1054
34,test,result2_3,.jpeg,r f,Method2,42722,r,953
35,test,result2_4,.jpeg,r f,Method2,43517,r,786
36,test,result2_5,.jpeg,r f,Method2,44417,f,891
37,test,result2_6,.jpeg,r f,Method2,46384,f,1957
38,test,result2_7,.jpeg,r f,Method2,47208,f,814
39,test,result2_8,.jpeg,r f,Method2,48126,f,909
40,test,result2_9,.jpeg,r f,Method2,49052,r,915
41,test,result2_10,.jpeg,r f,Method2,50690,f,1629
42,test,result2_12,.jpeg,r f,Method2,52114,r,1414
43,test,result2_13,.jpeg,r f,Method2,54468,r,2343
44,test,result2_15,.jpeg,r f,Method2,55239,f,761
45,test,result2_16,.jpeg,r f,Method2,56033,r,785
46,test,result2_18,.jpeg,r f,Method2,56898,f,855
47,test,result2_23,.jpeg,r f,Method2,57453,r,546
48,test,result2_24,.jpeg,r f,Method2,58237,r,775
49,test,result2_29,.jpeg,r f,Method2,59056,r,809
50,test,result2_27,.jpeg,r f,Method2,59726,r,660
51,test,result2_30,.jpeg,r f,Method2,60209,r,473
52,test,result2_36,.jpeg,r f,Method2,60783,r,564
53,test,result2_37,.jpeg,r f,Method2,61350,r,557
54,test,result2_35,.jpeg,r f,Method2,62089,f,728
55,test,result2_38,.jpeg,r f,Method2,62852,r,755
57,test,result3_0,.jpeg,r f,Method3,66890,r,2360
58,test,result3_1,.jpeg,r f,Method3,68020,r,1120
59,test,result3_2,.jpeg,r f,Method3,68913,f,883
60,test,result3_3,.jpeg,r f,Method3,69621,r,698
61,test,result3_4,.jpeg,r f,Method3,70841,f,1211
62,test,result3_5,.jpeg,r f,Method3,71662,r,812
63,test,result3_6,.jpeg,r f,Method3,72601,f,929
64,test,result3_7,.jpeg,r f,Method3,73419,f,803
65,test,result3_8,.jpeg,r f,Method3,74043,r,614
66,test,result3_9,.jpeg,r f,Method3,75290,f,1235
67,test,result3_10,.jpeg,r f,Method3,76263,f,964
68,test,result3_12,.jpeg,r f,Method3,76930,r,658
69,test,result3_13,.jpeg,r f,Method3,77620,r,682
70,test,result3_15,.jpeg,r f,Method3,78522,f,893
71,test,result3_16,.jpeg,r f,Method3,79097,r,566
72,test,result3_18,.jpeg,r f,Method3,80806,r,1700
73,test,result3_23,.jpeg,r f,Method3,81609,r,792
74,test,result3_24,.jpeg,r f,Method3,82412,r,799
75,test,result3_29,.jpeg,r f,Method3,83048,r,627
76,test,result3_27,.jpeg,r f,Method3,83622,r,565
77,test,result3_30,.jpeg,r f,Method3,84122,r,492
78,test,result3_36,.jpeg,r f,Method3,84729,r,597
79,test,result3_37,.jpeg,r f,Method3,85230,r,493
80,test,result3_35,.jpeg,r f,Method3,85678,r,439
81,test,result3_38,.jpeg,r f,Method3,86836,f,1147
83,test,result4_0,.jpeg,r f,Method4,92120,r,1128
84,test,result4_1,.jpeg,r f,Method4,92569,r,440
85,test,result4_2,.jpeg,r f,Method4,93043,r,464
86,test,result4_3,.jpeg,r f,Method4,93533,r,481
87,test,result4_4,.jpeg,r f,Method4,94091,r,549
88,test,result4_5,.jpeg,r f,Method4,95277,r,1176
89,test,result4_6,.jpeg,r f,Method4,95880,r,595
90,test,result4_7,.jpeg,r f,Method4,96544,f,655
91,test,result4_8,.jpeg,r f,Method4,97478,r,926
92,test,result4_9,.jpeg,r f,Method4,98738,r,1256
93,test,result4_10,.jpeg,r f,Method4,99351,f,605
94,test,result4_12,.jpeg,r f,Method4,99970,r,607
95,test,result4_13,.jpeg,r f,Method4,100464,r,485
96,test,result4_15,.jpeg,r f,Method4,101306,f,833
97,test,result4_16,.jpeg,r f,Method4,101802,r,486
98,test,result4_18,.jpeg,r f,Method4,102300,r,489
99,test,result4_23,.jpeg,r f,Method4,102837,r,528
100,test,result4_24,.jpeg,r f,Method4,103338,r,492
101,test,result4_29,.jpeg,r f,Method4,103830,r,483
102,test,result4_27,.jpeg,r f,Method4,104315,r,475
103,test,result4_30,.jpeg,r f,Method4,104831,r,507
104,test,result4_36,.jpeg,r f,Method4,105260,r,418
105,test,result4_37,.jpeg,r f,Method4,105792,r,524
106,test,result4_35,.jpeg,r f,Method4,106256,r,451
107,test,result4_38,.jpeg,r f,Method4,106739,r,474
109,test,target_0,.jpeg,r f,Target,109685,r,655
110,test,target_1,.jpeg,r f,Target,110384,r,689
111,test,target_2,.jpeg,r f,Target,111253,r,860
112,test,target_3,.jpeg,r f,Target,111866,r,604
113,test,target_4,.jpeg,r f,Target,112516,r,641
114,test,target_5,.jpeg,r f,Target,113082,r,558
115,test,target_6,.jpeg,r f,Target,113598,r,507
116,test,target_7,.jpeg,r f,Target,114244,r,643
117,test,target_8,.jpeg,r f,Target,114720,r,472
118,test,target_9,.jpeg,r f,Target,115189,r,461
119,test,target_10,.jpeg,r f,Target,115663,r,464
120,test,target_12,.jpeg,r f,Target,116207,r,535
121,test,target_13,.jpeg,r f,Target,116841,r,623
122,test,target_15,.jpeg,r f,Target,117814,r,964
123,test,target_16,.jpeg,r f,Target,118526,r,702
124,test,target_18,.jpeg,r f,Target,124649,r,6114
125,test,target_23,.jpeg,r f,Target,125188,r,531
126,test,target_24,.jpeg,r f,Target,125939,r,741
127,test,target_29,.jpeg,r f,Target,127221,r,1273
128,test,target_27,.jpeg,r f,Target,128007,r,776
129,test,target_30,.jpeg,r f,Target,128811,r,794
130,test,target_36,.jpeg,r f,Target,129649,r,829
131,test,target_37,.jpeg,r f,Target,130503,r,846
132,test,target_35,.jpeg,r f,Target,131492,r,980
133,test,target_38,.jpeg,r f,Target,132740,r,1237