GMT_timestamp,local_timestamp,link,calibration
2022-04-19_00:35:27,2022-04-19_01:35:27,https://www.testable.org/experiment/8526/794296/start,1

rowNo,type,stim1,stimFormat,keyboard,method,timestamp,response,RT
5,test,result1_0,.jpeg,r f,Method1,17194,f,2219
6,test,result1_1,.jpeg,r f,Method1,18204,f,994
7,test,result1_2,.jpeg,r f,Method1,19491,f,1273
8,test,result1_3,.jpeg,r f,Method1,20064,r,562
9,test,result1_4,.jpeg,r f,Method1,20805,f,731
10,test,result1_5,.jpeg,r f,Method1,21336,f,518
11,test,result1_6,.jpeg,r f,Method1,22104,f,757
12,test,result1_7,.jpeg,r f,Method1,22547,f,434
13,test,result1_8,.jpeg,r f,Method1,23297,r,740
14,test,result1_9,.jpeg,r f,Method1,23844,r,536
15,test,result1_10,.jpeg,r f,Method1,24515,f,660
16,test,result1_12,.jpeg,r f,Method1,25163,r,638
17,test,result1_13,.jpeg,r f,Method1,26092,f,920
18,test,result1_15,.jpeg,r f,Method1,27049,f,947
19,test,result1_16,.jpeg,r f,Method1,27629,r,570
20,test,result1_18,.jpeg,r f,Method1,31773,f,4133
21,test,result1_23,.jpeg,r f,Method1,32253,r,471
22,test,result1_24,.jpeg,r f,Method1,33419,r,1155
23,test,result1_29,.jpeg,r f,Method1,34084,r,654
24,test,result1_27,.jpeg,r f,Method1,34725,r,632
25,test,result1_30,.jpeg,r f,Method1,35364,r,628
26,test,result1_36,.jpeg,r f,Method1,35911,f,536
27,test,result1_37,.jpeg,r f,Method1,37718,f,1797
28,test,result1_35,.jpeg,r f,Method1,38503,r,772
29,test,result1_38,.jpeg,r f,Method1,39335,r,822
31,test,result2_0,.jpeg,r f,Method2,43915,r,2710
32,test,result2_1,.jpeg,r f,Method2,44185,f,259
33,test,result2_2,.jpeg,r f,Method2,45482,r,1288
34,test,result2_3,.jpeg,r f,Method2,46292,r,800
35,test,result2_4,.jpeg,r f,Method2,46714,f,412
36,test,result2_5,.jpeg,r f,Method2,47632,f,908
37,test,result2_6,.jpeg,r f,Method2,48224,f,583
38,test,result2_7,.jpeg,r f,Method2,48659,f,425
39,test,result2_8,.jpeg,r f,Method2,49082,f,414
40,test,result2_9,.jpeg,r f,Method2,49514,f,422
41,test,result2_10,.jpeg,r f,Method2,50240,f,715
42,test,result2_12,.jpeg,r f,Method2,50799,f,548
43,test,result2_13,.jpeg,r f,Method2,51315,f,507
44,test,result2_15,.jpeg,r f,Method2,52158,f,832
45,test,result2_16,.jpeg,r f,Method2,54187,r,2020
46,test,result2_18,.jpeg,r f,Method2,54886,f,690
47,test,result2_23,.jpeg,r f,Method2,55371,f,475
48,test,result2_24,.jpeg,r f,Method2,56058,f,682
49,test,result2_29,.jpeg,r f,Method2,56766,r,699
50,test,result2_27,.jpeg,r f,Method2,57585,f,810
51,test,result2_30,.jpeg,r f,Method2,58376,r,782
52,test,result2_36,.jpeg,r f,Method2,58759,f,373
53,test,result2_37,.jpeg,r f,Method2,59470,f,700
54,test,result2_35,.jpeg,r f,Method2,60005,f,524
55,test,result2_38,.jpeg,r f,Method2,60549,r,535
57,test,result3_0,.jpeg,r f,Method3,63856,r,1212
58,test,result3_1,.jpeg,r f,Method3,64538,r,671
59,test,result3_2,.jpeg,r f,Method3,65309,f,762
60,test,result3_3,.jpeg,r f,Method3,65947,r,629
61,test,result3_4,.jpeg,r f,Method3,66519,r,562
62,test,result3_5,.jpeg,r f,Method3,68449,r,1921
63,test,result3_6,.jpeg,r f,Method3,69246,f,788
64,test,result3_7,.jpeg,r f,Method3,70137,f,881
65,test,result3_8,.jpeg,r f,Method3,73326,f,3181
66,test,result3_9,.jpeg,r f,Method3,74349,f,1013
67,test,result3_10,.jpeg,r f,Method3,75365,f,1006
68,test,result3_12,.jpeg,r f,Method3,76106,r,732
69,test,result3_13,.jpeg,r f,Method3,76727,r,612
70,test,result3_15,.jpeg,r f,Method3,77471,f,735
71,test,result3_16,.jpeg,r f,Method3,77976,r,496
72,test,result3_18,.jpeg,r f,Method3,78541,r,555
73,test,result3_23,.jpeg,r f,Method3,79393,r,842
74,test,result3_24,.jpeg,r f,Method3,80160,r,758
75,test,result3_29,.jpeg,r f,Method3,80805,r,636
76,test,result3_27,.jpeg,r f,Method3,81549,r,734
77,test,result3_30,.jpeg,r f,Method3,82505,f,947
78,test,result3_36,.jpeg,r f,Method3,83142,r,628
79,test,result3_37,.jpeg,r f,Method3,83916,r,766
80,test,result3_35,.jpeg,r f,Method3,84599,f,674
81,test,result3_38,.jpeg,r f,Method3,85284,r,676
83,test,result4_0,.jpeg,r f,Method4,88610,r,1077
84,test,result4_1,.jpeg,r f,Method4,90042,r,1423
85,test,result4_2,.jpeg,r f,Method4,90693,r,641
86,test,result4_3,.jpeg,r f,Method4,91221,r,518
87,test,result4_4,.jpeg,r f,Method4,91717,r,486
88,test,result4_5,.jpeg,r f,Method4,92567,r,840
89,test,result4_6,.jpeg,r f,Method4,93077,r,501
90,test,result4_7,.jpeg,r f,Method4,93831,f,745
91,test,result4_8,.jpeg,r f,Method4,94462,r,622
92,test,result4_9,.jpeg,r f,Method4,95119,r,647
93,test,result4_10,.jpeg,r f,Method4,95622,f,493
94,test,result4_12,.jpeg,r f,Method4,96195,r,561
95,test,result4_13,.jpeg,r f,Method4,96779,r,575
96,test,result4_15,.jpeg,r f,Method4,97376,f,588
97,test,result4_16,.jpeg,r f,Method4,97826,r,440
98,test,result4_18,.jpeg,r f,Method4,98350,r,516
99,test,result4_23,.jpeg,r f,Method4,98919,r,560
100,test,result4_24,.jpeg,r f,Method4,99502,r,574
101,test,result4_29,.jpeg,r f,Method4,100033,r,522
102,test,result4_27,.jpeg,r f,Method4,100574,r,533
103,test,result4_30,.jpeg,r f,Method4,101143,r,560
104,test,result4_36,.jpeg,r f,Method4,101671,r,518
105,test,result4_37,.jpeg,r f,Method4,102181,r,501
106,test,result4_35,.jpeg,r f,Method4,102695,r,505
107,test,result4_38,.jpeg,r f,Method4,103291,r,591
109,test,target_0,.jpeg,r f,Target,106661,r,1029
110,test,target_1,.jpeg,r f,Target,107196,r,526
111,test,target_2,.jpeg,r f,Target,107715,r,511
112,test,target_3,.jpeg,r f,Target,108249,r,525
113,test,target_4,.jpeg,r f,Target,108737,r,479
114,test,target_5,.jpeg,r f,Target,109160,r,412
115,test,target_6,.jpeg,r f,Target,109830,r,660
116,test,target_7,.jpeg,r f,Target,110755,r,917
117,test,target_8,.jpeg,r f,Target,111564,r,799
118,test,target_9,.jpeg,r f,Target,112165,r,592
119,test,target_10,.jpeg,r f,Target,113047,r,873
120,test,target_12,.jpeg,r f,Target,113690,r,634
121,test,target_13,.jpeg,r f,Target,114316,r,617
122,test,target_15,.jpeg,r f,Target,115006,r,681
123,test,target_16,.jpeg,r f,Target,115576,r,560
124,test,target_18,.jpeg,r f,Target,116164,r,579
125,test,target_23,.jpeg,r f,Target,116894,r,721
126,test,target_24,.jpeg,r f,Target,117522,r,619
127,test,target_29,.jpeg,r f,Target,118014,r,482
128,test,target_27,.jpeg,r f,Target,118573,r,549
129,test,target_30,.jpeg,r f,Target,119174,r,597
130,test,target_36,.jpeg,r f,Target,119704,r,525
131,test,target_37,.jpeg,r f,Target,120406,r,693
132,test,target_35,.jpeg,r f,Target,120943,r,528
133,test,target_38,.jpeg,r f,Target,121539,r,587