GMT_timestamp,local_timestamp,link,calibration
2022-04-17_17:35:20,2022-04-17_18:35:20,https://www.testable.org/experiment/8526/794296/start,1

rowNo,type,stim1,stimFormat,keyboard,method,timestamp,response,RT
5,test,result1_0,.jpeg,r f,Method1,25997,f,1696
6,test,result1_1,.jpeg,r f,Method1,27525,f,1522
7,test,result1_2,.jpeg,r f,Method1,29524,r,1995
8,test,result1_3,.jpeg,r f,Method1,30828,r,1300
9,test,result1_4,.jpeg,r f,Method1,33157,f,2325
10,test,result1_5,.jpeg,r f,Method1,35213,r,2051
11,test,result1_6,.jpeg,r f,Method1,36333,f,1116
12,test,result1_7,.jpeg,r f,Method1,37077,f,740
13,test,result1_8,.jpeg,r f,Method1,37884,f,804
14,test,result1_9,.jpeg,r f,Method1,41100,r,3212
15,test,result1_10,.jpeg,r f,Method1,41756,f,652
16,test,result1_12,.jpeg,r f,Method1,45253,r,3492
17,test,result1_13,.jpeg,r f,Method1,46332,f,1076
18,test,result1_15,.jpeg,r f,Method1,47100,f,764
19,test,result1_16,.jpeg,r f,Method1,47949,f,845
20,test,result1_18,.jpeg,r f,Method1,49037,f,1084
21,test,result1_23,.jpeg,r f,Method1,51589,f,2548
22,test,result1_24,.jpeg,r f,Method1,52220,f,628
23,test,result1_29,.jpeg,r f,Method1,53004,f,780
24,test,result1_27,.jpeg,r f,Method1,57861,r,4853
25,test,result1_30,.jpeg,r f,Method1,58620,f,756
26,test,result1_36,.jpeg,r f,Method1,60732,f,2108
27,test,result1_37,.jpeg,r f,Method1,62157,f,1420
28,test,result1_35,.jpeg,r f,Method1,64572,f,2412
29,test,result1_38,.jpeg,r f,Method1,65812,f,1236
31,test,result2_0,.jpeg,r f,Method2,70212,f,1641
32,test,result2_1,.jpeg,r f,Method2,71109,f,892
33,test,result2_2,.jpeg,r f,Method2,75868,f,4756
34,test,result2_3,.jpeg,r f,Method2,79069,r,3196
35,test,result2_4,.jpeg,r f,Method2,80100,f,1028
36,test,result2_5,.jpeg,r f,Method2,80964,f,860
37,test,result2_6,.jpeg,r f,Method2,82037,f,1068
38,test,result2_7,.jpeg,r f,Method2,82724,f,683
39,test,result2_8,.jpeg,r f,Method2,83692,f,964
40,test,result2_9,.jpeg,r f,Method2,88221,r,4524
41,test,result2_10,.jpeg,r f,Method2,89205,f,980
42,test,result2_12,.jpeg,r f,Method2,89916,f,707
43,test,result2_13,.jpeg,r f,Method2,90692,f,773
44,test,result2_15,.jpeg,r f,Method2,91340,f,644
45,test,result2_16,.jpeg,r f,Method2,93189,f,1844
46,test,result2_18,.jpeg,r f,Method2,96261,f,3069
47,test,result2_23,.jpeg,r f,Method2,96884,f,620
48,test,result2_24,.jpeg,r f,Method2,98885,r,1997
49,test,result2_29,.jpeg,r f,Method2,101845,r,2957
50,test,result2_27,.jpeg,r f,Method2,104356,r,2508
51,test,result2_30,.jpeg,r f,Method2,106588,f,2229
52,test,result2_36,.jpeg,r f,Method2,110541,r,3950
53,test,result2_37,.jpeg,r f,Method2,113525,r,2980
54,test,result2_35,.jpeg,r f,Method2,114189,f,660
55,test,result2_38,.jpeg,r f,Method2,115149,f,956
57,test,result3_0,.jpeg,r f,Method3,117860,f,873
58,test,result3_1,.jpeg,r f,Method3,118836,f,973
59,test,result3_2,.jpeg,r f,Method3,120085,f,1244
60,test,result3_3,.jpeg,r f,Method3,122245,r,2156
61,test,result3_4,.jpeg,r f,Method3,122884,f,636
62,test,result3_5,.jpeg,r f,Method3,125981,r,3093
63,test,result3_6,.jpeg,r f,Method3,127644,r,1660
64,test,result3_7,.jpeg,r f,Method3,133733,r,6085
65,test,result3_8,.jpeg,r f,Method3,137365,f,3628
66,test,result3_9,.jpeg,r f,Method3,138621,f,1252
67,test,result3_10,.jpeg,r f,Method3,139397,f,772
68,test,result3_12,.jpeg,r f,Method3,140260,f,860
69,test,result3_13,.jpeg,r f,Method3,142981,r,2716
70,test,result3_15,.jpeg,r f,Method3,143669,f,684
71,test,result3_16,.jpeg,r f,Method3,144308,f,636
72,test,result3_18,.jpeg,r f,Method3,146029,f,1716
73,test,result3_23,.jpeg,r f,Method3,147453,f,1420
74,test,result3_24,.jpeg,r f,Method3,150284,f,2828
75,test,result3_29,.jpeg,r f,Method3,155380,r,5092
76,test,result3_27,.jpeg,r f,Method3,156980,r,1596
77,test,result3_30,.jpeg,r f,Method3,157669,f,685
78,test,result3_36,.jpeg,r f,Method3,159501,f,1828
79,test,result3_37,.jpeg,r f,Method3,160357,f,852
80,test,result3_35,.jpeg,r f,Method3,161124,f,764
81,test,result3_38,.jpeg,r f,Method3,161692,f,564
83,test,result4_0,.jpeg,r f,Method4,169637,f,6498
84,test,result4_1,.jpeg,r f,Method4,172645,f,3003
85,test,result4_2,.jpeg,r f,Method4,178260,f,5612
86,test,result4_3,.jpeg,r f,Method4,180781,r,2518
87,test,result4_4,.jpeg,r f,Method4,183029,r,2244
88,test,result4_5,.jpeg,r f,Method4,189597,f,6564
89,test,result4_6,.jpeg,r f,Method4,203701,r,14100
90,test,result4_7,.jpeg,r f,Method4,204461,f,756
91,test,result4_8,.jpeg,r f,Method4,207101,r,2637
92,test,result4_9,.jpeg,r f,Method4,210781,r,3676
93,test,result4_10,.jpeg,r f,Method4,211612,f,828
94,test,result4_12,.jpeg,r f,Method4,214053,r,2437
95,test,result4_13,.jpeg,r f,Method4,215893,f,1836
96,test,result4_15,.jpeg,r f,Method4,216701,f,805
97,test,result4_16,.jpeg,r f,Method4,217525,f,821
98,test,result4_18,.jpeg,r f,Method4,218468,f,940
99,test,result4_23,.jpeg,r f,Method4,220468,f,1997
100,test,result4_24,.jpeg,r f,Method4,221813,r,1341
101,test,result4_29,.jpeg,r f,Method4,223973,f,2156
102,test,result4_27,.jpeg,r f,Method4,225077,r,1101
103,test,result4_30,.jpeg,r f,Method4,226668,f,1588
104,test,result4_36,.jpeg,r f,Method4,228293,r,1621
105,test,result4_37,.jpeg,r f,Method4,229860,r,1564
106,test,result4_35,.jpeg,r f,Method4,232005,r,2141
107,test,result4_38,.jpeg,r f,Method4,232917,f,908
109,test,target_0,.jpeg,r f,Target,239133,f,4530
110,test,target_1,.jpeg,r f,Target,240316,r,1180
111,test,target_2,.jpeg,r f,Target,246133,r,5813
112,test,target_3,.jpeg,r f,Target,246981,r,844
113,test,target_4,.jpeg,r f,Target,248389,f,1404
114,test,target_5,.jpeg,r f,Target,251205,r,2813
115,test,target_6,.jpeg,r f,Target,252509,r,1300
116,test,target_7,.jpeg,r f,Target,254164,r,1652
117,test,target_8,.jpeg,r f,Target,255837,r,1669
118,test,target_9,.jpeg,r f,Target,256941,r,1100
119,test,target_10,.jpeg,r f,Target,258661,r,1717
120,test,target_12,.jpeg,r f,Target,259957,r,1292
121,test,target_13,.jpeg,r f,Target,260813,r,852
122,test,target_15,.jpeg,r f,Target,264149,r,3334
123,test,target_16,.jpeg,r f,Target,265021,r,867
124,test,target_18,.jpeg,r f,Target,267021,r,1997
125,test,target_23,.jpeg,r f,Target,268085,r,1060
126,test,target_24,.jpeg,r f,Target,270101,r,2012
127,test,target_29,.jpeg,r f,Target,271093,r,989
128,test,target_27,.jpeg,r f,Target,271901,r,804
129,test,target_30,.jpeg,r f,Target,272773,r,868
130,test,target_36,.jpeg,r f,Target,274045,r,1269
131,test,target_37,.jpeg,r f,Target,276949,r,2900
132,test,target_35,.jpeg,r f,Target,277589,r,636
133,test,target_38,.jpeg,r f,Target,278293,r,700