GMT_timestamp,local_timestamp,link,calibration
2022-04-18_18:21:06,2022-04-18_19:21:06,https://www.testable.org/experiment/8526/794296/start,1.1

rowNo,type,stim1,stimFormat,keyboard,method,timestamp,response,RT
5,test,result1_0,.jpeg,r f,Method1,74524,f,2237
6,test,result1_1,.jpeg,r f,Method1,75566,f,1038
7,test,result1_2,.jpeg,r f,Method1,81248,r,5673
8,test,result1_3,.jpeg,r f,Method1,83928,r,2676
9,test,result1_4,.jpeg,r f,Method1,86151,f,2219
10,test,result1_5,.jpeg,r f,Method1,88144,r,1987
11,test,result1_6,.jpeg,r f,Method1,93290,r,5142
12,test,result1_7,.jpeg,r f,Method1,94468,f,1176
13,test,result1_8,.jpeg,r f,Method1,95484,f,1012
14,test,result1_9,.jpeg,r f,Method1,97749,r,2262
15,test,result1_10,.jpeg,r f,Method1,99472,f,1717
16,test,result1_12,.jpeg,r f,Method1,101556,r,2081
17,test,result1_13,.jpeg,r f,Method1,108972,r,7405
18,test,result1_15,.jpeg,r f,Method1,109922,f,948
19,test,result1_16,.jpeg,r f,Method1,112428,f,2503
20,test,result1_18,.jpeg,r f,Method1,114691,f,2258
21,test,result1_23,.jpeg,r f,Method1,117875,f,3175
22,test,result1_24,.jpeg,r f,Method1,126315,f,8437
23,test,result1_29,.jpeg,r f,Method1,129006,r,2689
24,test,result1_27,.jpeg,r f,Method1,130467,r,1458
25,test,result1_30,.jpeg,r f,Method1,131709,r,1233
26,test,result1_36,.jpeg,r f,Method1,138174,r,6462
27,test,result1_37,.jpeg,r f,Method1,139334,r,1156
28,test,result1_35,.jpeg,r f,Method1,141264,r,1927
29,test,result1_38,.jpeg,r f,Method1,142831,r,1564
31,test,result2_0,.jpeg,r f,Method2,147993,f,1368
32,test,result2_1,.jpeg,r f,Method2,149078,f,1075
33,test,result2_2,.jpeg,r f,Method2,153070,r,3981
34,test,result2_3,.jpeg,r f,Method2,154276,r,1202
35,test,result2_4,.jpeg,r f,Method2,160768,f,6487
36,test,result2_5,.jpeg,r f,Method2,161804,r,1033
37,test,result2_6,.jpeg,r f,Method2,163389,r,1579
38,test,result2_7,.jpeg,r f,Method2,164798,r,1405
39,test,result2_8,.jpeg,r f,Method2,166563,f,1762
40,test,result2_9,.jpeg,r f,Method2,167504,r,935
41,test,result2_10,.jpeg,r f,Method2,168938,f,1431
42,test,result2_12,.jpeg,r f,Method2,170184,r,1242
43,test,result2_13,.jpeg,r f,Method2,171648,r,1461
44,test,result2_15,.jpeg,r f,Method2,172487,f,837
45,test,result2_16,.jpeg,r f,Method2,175192,f,2702
46,test,result2_18,.jpeg,r f,Method2,176228,r,1029
47,test,result2_23,.jpeg,r f,Method2,177119,f,888
48,test,result2_24,.jpeg,r f,Method2,178940,f,1818
49,test,result2_29,.jpeg,r f,Method2,180537,r,1591
50,test,result2_27,.jpeg,r f,Method2,181330,r,791
51,test,result2_30,.jpeg,r f,Method2,183203,r,1868
52,test,result2_36,.jpeg,r f,Method2,184734,r,1527
53,test,result2_37,.jpeg,r f,Method2,185840,r,1095
54,test,result2_35,.jpeg,r f,Method2,189263,f,3421
55,test,result2_38,.jpeg,r f,Method2,190939,r,1673
57,test,result3_0,.jpeg,r f,Method3,195696,r,1819
58,test,result3_1,.jpeg,r f,Method3,196491,f,792
59,test,result3_2,.jpeg,r f,Method3,197970,f,1476
60,test,result3_3,.jpeg,r f,Method3,199042,r,1069
61,test,result3_4,.jpeg,r f,Method3,200107,f,1063
62,test,result3_5,.jpeg,r f,Method3,202326,f,2216
63,test,result3_6,.jpeg,r f,Method3,205657,f,3323
64,test,result3_7,.jpeg,r f,Method3,210707,f,5047
65,test,result3_8,.jpeg,r f,Method3,213134,f,2418
66,test,result3_9,.jpeg,r f,Method3,214218,f,1077
67,test,result3_10,.jpeg,r f,Method3,215350,f,1130
68,test,result3_12,.jpeg,r f,Method3,216369,f,1014
69,test,result3_13,.jpeg,r f,Method3,217988,f,1615
70,test,result3_15,.jpeg,r f,Method3,219215,f,1224
71,test,result3_16,.jpeg,r f,Method3,220292,f,1074
72,test,result3_18,.jpeg,r f,Method3,221253,f,959
73,test,result3_23,.jpeg,r f,Method3,222084,f,828
74,test,result3_24,.jpeg,r f,Method3,223870,r,1783
75,test,result3_29,.jpeg,r f,Method3,225139,f,1266
76,test,result3_27,.jpeg,r f,Method3,226274,r,1131
77,test,result3_30,.jpeg,r f,Method3,228374,r,2098
78,test,result3_36,.jpeg,r f,Method3,229840,r,1456
79,test,result3_37,.jpeg,r f,Method3,235177,r,5335
80,test,result3_35,.jpeg,r f,Method3,236535,r,1351
81,test,result3_38,.jpeg,r f,Method3,239017,r,2480
83,test,result4_0,.jpeg,r f,Method4,243287,r,1317
84,test,result4_1,.jpeg,r f,Method4,244145,f,856
85,test,result4_2,.jpeg,r f,Method4,245803,r,1650
86,test,result4_3,.jpeg,r f,Method4,247016,r,1211
87,test,result4_4,.jpeg,r f,Method4,247919,f,895
88,test,result4_5,.jpeg,r f,Method4,250399,f,2476
89,test,result4_6,.jpeg,r f,Method4,252065,r,1660
90,test,result4_7,.jpeg,r f,Method4,253038,f,970
91,test,result4_8,.jpeg,r f,Method4,254138,f,1090
92,test,result4_9,.jpeg,r f,Method4,256845,r,2702
93,test,result4_10,.jpeg,r f,Method4,258922,f,2074
94,test,result4_12,.jpeg,r f,Method4,261629,r,2705
95,test,result4_13,.jpeg,r f,Method4,264062,r,2429
96,test,result4_15,.jpeg,r f,Method4,264916,f,852
97,test,result4_16,.jpeg,r f,Method4,265714,f,789
98,test,result4_18,.jpeg,r f,Method4,267009,f,1293
99,test,result4_23,.jpeg,r f,Method4,268229,r,1210
100,test,result4_24,.jpeg,r f,Method4,270053,r,1820
101,test,result4_29,.jpeg,r f,Method4,271619,f,1556
102,test,result4_27,.jpeg,r f,Method4,272336,r,715
103,test,result4_30,.jpeg,r f,Method4,273226,r,883
104,test,result4_36,.jpeg,r f,Method4,274141,r,909
105,test,result4_37,.jpeg,r f,Method4,275181,r,1030
106,test,result4_35,.jpeg,r f,Method4,277169,r,1986
107,test,result4_38,.jpeg,r f,Method4,278112,f,940
109,test,target_0,.jpeg,r f,Target,281865,r,1201
110,test,target_1,.jpeg,r f,Target,282784,f,910
111,test,target_2,.jpeg,r f,Target,283908,r,1121
112,test,target_3,.jpeg,r f,Target,285033,r,1122
113,test,target_4,.jpeg,r f,Target,287723,r,2688
114,test,target_5,.jpeg,r f,Target,289297,r,1562
115,test,target_6,.jpeg,r f,Target,291094,r,1786
116,test,target_7,.jpeg,r f,Target,292244,f,1144
117,test,target_8,.jpeg,r f,Target,293770,r,1522
118,test,target_9,.jpeg,r f,Target,295412,r,1639
119,test,target_10,.jpeg,r f,Target,296561,r,1145
120,test,target_12,.jpeg,r f,Target,297703,f,1140
121,test,target_13,.jpeg,r f,Target,299453,r,1748
122,test,target_15,.jpeg,r f,Target,300465,f,1002
123,test,target_16,.jpeg,r f,Target,304841,r,4374
124,test,target_18,.jpeg,r f,Target,306297,r,1453
125,test,target_23,.jpeg,r f,Target,307679,r,1378
126,test,target_24,.jpeg,r f,Target,310924,r,3237
127,test,target_29,.jpeg,r f,Target,312833,r,1906
128,test,target_27,.jpeg,r f,Target,313855,r,1019
129,test,target_30,.jpeg,r f,Target,315391,r,1533
130,test,target_36,.jpeg,r f,Target,317882,r,2488
131,test,target_37,.jpeg,r f,Target,319483,r,1598
132,test,target_35,.jpeg,r f,Target,321301,r,1814
133,test,target_38,.jpeg,r f,Target,322804,r,1500