GMT_timestamp,local_timestamp,link,calibration
2022-04-18_21:44:53,2022-04-18_22:44:53,https://www.testable.org/experiment/8526/794296/start,0.71

rowNo,type,stim1,stimFormat,keyboard,method,timestamp,response,RT
5,test,result1_0,.jpeg,r f,Method1,135346,f,7382
6,test,result1_1,.jpeg,r f,Method1,149025,f,13674
7,test,result1_2,.jpeg,r f,Method1,154441,r,5412
8,test,result1_3,.jpeg,r f,Method1,156769,r,2325
9,test,result1_4,.jpeg,r f,Method1,159201,r,2428
10,test,result1_5,.jpeg,r f,Method1,163505,r,4300
11,test,result1_6,.jpeg,r f,Method1,170433,r,6924
12,test,result1_7,.jpeg,r f,Method1,173089,f,2652
13,test,result1_8,.jpeg,r f,Method1,175825,f,2732
14,test,result1_9,.jpeg,r f,Method1,187849,r,12021
15,test,result1_10,.jpeg,r f,Method1,195009,f,7157
16,test,result1_12,.jpeg,r f,Method1,196721,f,1709
17,test,result1_13,.jpeg,r f,Method1,198729,r,2005
18,test,result1_15,.jpeg,r f,Method1,199737,f,1005
19,test,result1_16,.jpeg,r f,Method1,205449,r,5709
20,test,result1_18,.jpeg,r f,Method1,208297,r,2845
21,test,result1_23,.jpeg,r f,Method1,210489,r,2189
22,test,result1_24,.jpeg,r f,Method1,221033,f,10540
23,test,result1_29,.jpeg,r f,Method1,241737,f,20700
24,test,result1_27,.jpeg,r f,Method1,245089,r,3348
25,test,result1_30,.jpeg,r f,Method1,246417,r,1325
26,test,result1_36,.jpeg,r f,Method1,247705,r,1285
27,test,result1_37,.jpeg,r f,Method1,248641,r,933
28,test,result1_35,.jpeg,r f,Method1,249497,f,853
29,test,result1_38,.jpeg,r f,Method1,250705,r,1205
31,test,result2_0,.jpeg,r f,Method2,262329,r,6551
32,test,result2_1,.jpeg,r f,Method2,263857,r,1524
33,test,result2_2,.jpeg,r f,Method2,265080,r,1220
34,test,result2_3,.jpeg,r f,Method2,265969,r,885
35,test,result2_4,.jpeg,r f,Method2,267377,r,1405
36,test,result2_5,.jpeg,r f,Method2,268016,r,637
37,test,result2_6,.jpeg,r f,Method2,268600,r,582
38,test,result2_7,.jpeg,r f,Method2,270017,r,1414
39,test,result2_8,.jpeg,r f,Method2,271857,r,1838
40,test,result2_9,.jpeg,r f,Method2,272864,r,1005
41,test,result2_10,.jpeg,r f,Method2,275248,f,2381
42,test,result2_12,.jpeg,r f,Method2,279513,r,4261
43,test,result2_13,.jpeg,r f,Method2,281937,r,2421
44,test,result2_15,.jpeg,r f,Method2,283584,r,1645
45,test,result2_16,.jpeg,r f,Method2,284993,f,1405
46,test,result2_18,.jpeg,r f,Method2,286289,f,1293
47,test,result2_23,.jpeg,r f,Method2,287920,f,1629
48,test,result2_24,.jpeg,r f,Method2,292545,r,4621
49,test,result2_29,.jpeg,r f,Method2,294424,r,1877
50,test,result2_27,.jpeg,r f,Method2,295392,r,965
51,test,result2_30,.jpeg,r f,Method2,297424,r,2029
52,test,result2_36,.jpeg,r f,Method2,298312,r,884
53,test,result2_37,.jpeg,r f,Method2,298864,r,549
54,test,result2_35,.jpeg,r f,Method2,299777,f,909
55,test,result2_38,.jpeg,r f,Method2,300456,r,677
57,test,result3_0,.jpeg,r f,Method3,304081,r,2211
58,test,result3_1,.jpeg,r f,Method3,305000,f,917
59,test,result3_2,.jpeg,r f,Method3,306032,f,1030
60,test,result3_3,.jpeg,r f,Method3,307072,r,1038
61,test,result3_4,.jpeg,r f,Method3,308784,f,1710
62,test,result3_5,.jpeg,r f,Method3,310464,r,1677
63,test,result3_6,.jpeg,r f,Method3,311248,r,781
64,test,result3_7,.jpeg,r f,Method3,313272,r,2022
65,test,result3_8,.jpeg,r f,Method3,314465,r,1190
66,test,result3_9,.jpeg,r f,Method3,315192,f,725
67,test,result3_10,.jpeg,r f,Method3,317352,r,2157
68,test,result3_12,.jpeg,r f,Method3,318744,f,1389
69,test,result3_13,.jpeg,r f,Method3,319880,r,1133
70,test,result3_15,.jpeg,r f,Method3,320944,f,1061
71,test,result3_16,.jpeg,r f,Method3,330625,f,9677
72,test,result3_18,.jpeg,r f,Method3,332440,f,1813
73,test,result3_23,.jpeg,r f,Method3,333040,f,597
74,test,result3_24,.jpeg,r f,Method3,335592,r,2549
75,test,result3_29,.jpeg,r f,Method3,336856,f,1261
76,test,result3_27,.jpeg,r f,Method3,337624,f,765
77,test,result3_30,.jpeg,r f,Method3,338840,f,1213
78,test,result3_36,.jpeg,r f,Method3,339816,f,974
79,test,result3_37,.jpeg,r f,Method3,340793,r,974
80,test,result3_35,.jpeg,r f,Method3,341736,r,942
81,test,result3_38,.jpeg,r f,Method3,342264,f,526
83,test,result4_0,.jpeg,r f,Method4,344752,r,995
84,test,result4_1,.jpeg,r f,Method4,345976,r,1221
85,test,result4_2,.jpeg,r f,Method4,348432,r,2453
86,test,result4_3,.jpeg,r f,Method4,349864,r,1429
87,test,result4_4,.jpeg,r f,Method4,351385,f,1518
88,test,result4_5,.jpeg,r f,Method4,354672,r,3285
89,test,result4_6,.jpeg,r f,Method4,355896,r,1221
90,test,result4_7,.jpeg,r f,Method4,356776,f,877
91,test,result4_8,.jpeg,r f,Method4,357776,r,997
92,test,result4_9,.jpeg,r f,Method4,358496,f,717
93,test,result4_10,.jpeg,r f,Method4,360392,r,1893
94,test,result4_12,.jpeg,r f,Method4,362185,r,1789
95,test,result4_13,.jpeg,r f,Method4,363048,r,861
96,test,result4_15,.jpeg,r f,Method4,363624,f,573
97,test,result4_16,.jpeg,r f,Method4,364296,f,669
98,test,result4_18,.jpeg,r f,Method4,365080,r,781
99,test,result4_23,.jpeg,r f,Method4,365648,r,565
100,test,result4_24,.jpeg,r f,Method4,366624,r,973
101,test,result4_29,.jpeg,r f,Method4,367464,f,837
102,test,result4_27,.jpeg,r f,Method4,368096,r,629
103,test,result4_30,.jpeg,r f,Method4,369112,r,1014
104,test,result4_36,.jpeg,r f,Method4,369472,r,358
105,test,result4_37,.jpeg,r f,Method4,370824,f,1350
106,test,result4_35,.jpeg,r f,Method4,371696,r,870
107,test,result4_38,.jpeg,r f,Method4,372280,f,582
109,test,target_0,.jpeg,r f,Target,377744,r,3967
110,test,target_1,.jpeg,r f,Target,378640,r,893
111,test,target_2,.jpeg,r f,Target,379416,r,773
112,test,target_3,.jpeg,r f,Target,380136,r,718
113,test,target_4,.jpeg,r f,Target,380912,f,773
114,test,target_5,.jpeg,r f,Target,383032,r,2118
115,test,target_6,.jpeg,r f,Target,386136,r,3101
116,test,target_7,.jpeg,r f,Target,388792,r,2653
117,test,target_8,.jpeg,r f,Target,389472,r,677
118,test,target_9,.jpeg,r f,Target,390576,r,1101
119,test,target_10,.jpeg,r f,Target,392016,r,1437
120,test,target_12,.jpeg,r f,Target,397944,r,5925
121,test,target_13,.jpeg,r f,Target,398616,r,669
122,test,target_15,.jpeg,r f,Target,399504,r,885
123,test,target_16,.jpeg,r f,Target,400576,r,1069
124,test,target_18,.jpeg,r f,Target,401352,r,773
125,test,target_23,.jpeg,r f,Target,401736,r,381
126,test,target_24,.jpeg,r f,Target,402224,r,485
127,test,target_29,.jpeg,r f,Target,403192,r,965
128,test,target_27,.jpeg,r f,Target,403784,r,589
129,test,target_30,.jpeg,r f,Target,404552,r,766
130,test,target_36,.jpeg,r f,Target,404952,r,398
131,test,target_37,.jpeg,r f,Target,405352,r,398
132,test,target_35,.jpeg,r f,Target,405744,r,390
133,test,target_38,.jpeg,r f,Target,406208,r,462