GMT_timestamp,local_timestamp,link,calibration
2022-04-18_22:11:58,2022-04-19_01:11:58,https://www.testable.org/experiment/8526/794296/start,1.04

rowNo,type,stim1,stimFormat,keyboard,method,timestamp,response,RT
5,test,result1_0,.jpeg,r f,Method1,60178,f,2621
6,test,result1_1,.jpeg,r f,Method1,61579,f,1378
7,test,result1_2,.jpeg,r f,Method1,63824,f,2228
8,test,result1_3,.jpeg,r f,Method1,66181,r,2342
9,test,result1_4,.jpeg,r f,Method1,68293,r,2095
10,test,result1_5,.jpeg,r f,Method1,70928,f,2619
11,test,result1_6,.jpeg,r f,Method1,72316,r,1378
12,test,result1_7,.jpeg,r f,Method1,73584,f,1254
13,test,result1_8,.jpeg,r f,Method1,75046,f,1446
14,test,result1_9,.jpeg,r f,Method1,76819,r,1758
15,test,result1_10,.jpeg,r f,Method1,77711,f,877
16,test,result1_12,.jpeg,r f,Method1,79604,r,1869
17,test,result1_13,.jpeg,r f,Method1,80746,f,1133
18,test,result1_15,.jpeg,r f,Method1,81480,f,719
19,test,result1_16,.jpeg,r f,Method1,82501,f,1002
20,test,result1_18,.jpeg,r f,Method1,84106,f,1587
21,test,result1_23,.jpeg,r f,Method1,89197,r,5077
22,test,result1_24,.jpeg,r f,Method1,91643,f,2429
23,test,result1_29,.jpeg,r f,Method1,93134,f,1476
24,test,result1_27,.jpeg,r f,Method1,94056,r,908
25,test,result1_30,.jpeg,r f,Method1,95183,r,1113
26,test,result1_36,.jpeg,r f,Method1,96241,r,1042
27,test,result1_37,.jpeg,r f,Method1,99376,r,3119
28,test,result1_35,.jpeg,r f,Method1,101159,r,1770
29,test,result1_38,.jpeg,r f,Method1,107656,f,6482
31,test,result2_0,.jpeg,r f,Method2,112134,r,1839
32,test,result2_1,.jpeg,r f,Method2,113345,f,1189
33,test,result2_2,.jpeg,r f,Method2,114684,r,1325
34,test,result2_3,.jpeg,r f,Method2,116811,r,2119
35,test,result2_4,.jpeg,r f,Method2,119223,f,2395
36,test,result2_5,.jpeg,r f,Method2,121062,r,1829
37,test,result2_6,.jpeg,r f,Method2,121773,r,707
38,test,result2_7,.jpeg,r f,Method2,123277,f,1489
39,test,result2_8,.jpeg,r f,Method2,124814,f,1533
40,test,result2_9,.jpeg,r f,Method2,125576,r,751
41,test,result2_10,.jpeg,r f,Method2,127207,f,1621
42,test,result2_12,.jpeg,r f,Method2,128974,r,1759
43,test,result2_13,.jpeg,r f,Method2,130133,r,1148
44,test,result2_15,.jpeg,r f,Method2,131023,f,886
45,test,result2_16,.jpeg,r f,Method2,131912,f,879
46,test,result2_18,.jpeg,r f,Method2,132779,r,863
47,test,result2_23,.jpeg,r f,Method2,134073,r,1283
48,test,result2_24,.jpeg,r f,Method2,135070,r,982
49,test,result2_29,.jpeg,r f,Method2,137335,r,2255
50,test,result2_27,.jpeg,r f,Method2,138354,r,1005
51,test,result2_30,.jpeg,r f,Method2,138953,r,589
52,test,result2_36,.jpeg,r f,Method2,139650,r,694
53,test,result2_37,.jpeg,r f,Method2,141561,r,1899
54,test,result2_35,.jpeg,r f,Method2,143779,f,2199
55,test,result2_38,.jpeg,r f,Method2,148378,f,4588
57,test,result3_0,.jpeg,r f,Method3,154083,f,2209
58,test,result3_1,.jpeg,r f,Method3,155333,f,1246
59,test,result3_2,.jpeg,r f,Method3,157283,f,1941
60,test,result3_3,.jpeg,r f,Method3,158766,r,1479
61,test,result3_4,.jpeg,r f,Method3,160468,f,1698
62,test,result3_5,.jpeg,r f,Method3,161795,r,1316
63,test,result3_6,.jpeg,r f,Method3,162604,f,796
64,test,result3_7,.jpeg,r f,Method3,164543,f,1925
65,test,result3_8,.jpeg,r f,Method3,166973,f,2427
66,test,result3_9,.jpeg,r f,Method3,168206,f,1228
67,test,result3_10,.jpeg,r f,Method3,169107,f,897
68,test,result3_12,.jpeg,r f,Method3,172366,f,3255
69,test,result3_13,.jpeg,r f,Method3,173609,r,1239
70,test,result3_15,.jpeg,r f,Method3,175587,r,1966
71,test,result3_16,.jpeg,r f,Method3,176838,r,1240
72,test,result3_18,.jpeg,r f,Method3,178053,f,1210
73,test,result3_23,.jpeg,r f,Method3,181668,f,3599
74,test,result3_24,.jpeg,r f,Method3,184240,r,2557
75,test,result3_29,.jpeg,r f,Method3,185627,r,1377
76,test,result3_27,.jpeg,r f,Method3,186518,r,887
77,test,result3_30,.jpeg,r f,Method3,187348,r,818
78,test,result3_36,.jpeg,r f,Method3,188660,r,1309
79,test,result3_37,.jpeg,r f,Method3,190555,r,1881
80,test,result3_35,.jpeg,r f,Method3,200128,f,9563
81,test,result3_38,.jpeg,r f,Method3,201407,f,1268
83,test,result4_0,.jpeg,r f,Method4,204546,r,1395
84,test,result4_1,.jpeg,r f,Method4,205620,r,1070
85,test,result4_2,.jpeg,r f,Method4,206470,r,846
86,test,result4_3,.jpeg,r f,Method4,207424,r,950
87,test,result4_4,.jpeg,r f,Method4,209051,r,1623
88,test,result4_5,.jpeg,r f,Method4,210719,r,1655
89,test,result4_6,.jpeg,r f,Method4,211576,r,845
90,test,result4_7,.jpeg,r f,Method4,214372,f,2785
91,test,result4_8,.jpeg,r f,Method4,215147,r,771
92,test,result4_9,.jpeg,r f,Method4,215832,r,681
93,test,result4_10,.jpeg,r f,Method4,216603,r,758
94,test,result4_12,.jpeg,r f,Method4,218305,r,1699
95,test,result4_13,.jpeg,r f,Method4,220676,f,2360
96,test,result4_15,.jpeg,r f,Method4,222091,f,1409
97,test,result4_16,.jpeg,r f,Method4,223561,f,1467
98,test,result4_18,.jpeg,r f,Method4,224963,f,1389
99,test,result4_23,.jpeg,r f,Method4,227187,f,2220
100,test,result4_24,.jpeg,r f,Method4,229080,f,1889
101,test,result4_29,.jpeg,r f,Method4,232281,r,3196
102,test,result4_27,.jpeg,r f,Method4,233035,r,751
103,test,result4_30,.jpeg,r f,Method4,233972,r,931
104,test,result4_36,.jpeg,r f,Method4,234781,r,804
105,test,result4_37,.jpeg,r f,Method4,236143,r,1348
106,test,result4_35,.jpeg,r f,Method4,237849,r,1694
107,test,result4_38,.jpeg,r f,Method4,240533,f,2680
109,test,target_0,.jpeg,r f,Target,244193,r,1012
110,test,target_1,.jpeg,r f,Target,245295,r,1098
111,test,target_2,.jpeg,r f,Target,246020,r,722
112,test,target_3,.jpeg,r f,Target,246689,r,665
113,test,target_4,.jpeg,r f,Target,248412,f,1711
114,test,target_5,.jpeg,r f,Target,249688,r,1263
115,test,target_6,.jpeg,r f,Target,250636,r,944
116,test,target_7,.jpeg,r f,Target,251434,r,794
117,test,target_8,.jpeg,r f,Target,252267,r,829
118,test,target_9,.jpeg,r f,Target,253663,r,1393
119,test,target_10,.jpeg,r f,Target,254390,r,714
120,test,target_12,.jpeg,r f,Target,255153,r,748
121,test,target_13,.jpeg,r f,Target,255963,r,806
122,test,target_15,.jpeg,r f,Target,256793,r,820
123,test,target_16,.jpeg,r f,Target,257522,r,717
124,test,target_18,.jpeg,r f,Target,258234,r,700
125,test,target_23,.jpeg,r f,Target,258906,r,661
126,test,target_24,.jpeg,r f,Target,259730,r,813
127,test,target_29,.jpeg,r f,Target,262688,r,2953
128,test,target_27,.jpeg,r f,Target,263476,r,776
129,test,target_30,.jpeg,r f,Target,264323,r,833
130,test,target_36,.jpeg,r f,Target,264959,r,632
131,test,target_37,.jpeg,r f,Target,265993,r,1030
132,test,target_35,.jpeg,r f,Target,267839,r,1842
133,test,target_38,.jpeg,r f,Target,268868,r,1026