GMT_timestamp,local_timestamp,link,calibration
2022-04-19_00:12:13,2022-04-19_01:12:13,https://www.testable.org/experiment/8526/794296/start,1

rowNo,type,stim1,stimFormat,keyboard,method,timestamp,response,RT
5,test,result1_0,.jpeg,r f,Method1,11427,f,880
6,test,result1_1,.jpeg,r f,Method1,12107,f,675
7,test,result1_2,.jpeg,r f,Method1,12907,f,796
8,test,result1_3,.jpeg,r f,Method1,14171,r,1261
9,test,result1_4,.jpeg,r f,Method1,15139,r,964
10,test,result1_5,.jpeg,r f,Method1,15867,f,724
11,test,result1_6,.jpeg,r f,Method1,16803,f,932
12,test,result1_7,.jpeg,r f,Method1,17379,f,573
13,test,result1_8,.jpeg,r f,Method1,18267,f,884
14,test,result1_9,.jpeg,r f,Method1,19796,f,1526
15,test,result1_10,.jpeg,r f,Method1,20571,f,771
16,test,result1_12,.jpeg,r f,Method1,21379,f,804
17,test,result1_13,.jpeg,r f,Method1,22435,f,1052
18,test,result1_15,.jpeg,r f,Method1,23075,f,636
19,test,result1_16,.jpeg,r f,Method1,23747,f,668
20,test,result1_18,.jpeg,r f,Method1,24755,f,1004
21,test,result1_23,.jpeg,r f,Method1,25531,f,773
22,test,result1_24,.jpeg,r f,Method1,26243,f,707
23,test,result1_29,.jpeg,r f,Method1,27083,f,836
24,test,result1_27,.jpeg,r f,Method1,28115,r,1029
25,test,result1_30,.jpeg,r f,Method1,29035,r,917
26,test,result1_36,.jpeg,r f,Method1,29699,r,660
27,test,result1_37,.jpeg,r f,Method1,32132,r,2430
28,test,result1_35,.jpeg,r f,Method1,33611,f,1475
29,test,result1_38,.jpeg,r f,Method1,34299,f,684
31,test,result2_0,.jpeg,r f,Method2,36619,f,930
32,test,result2_1,.jpeg,r f,Method2,37371,f,748
33,test,result2_2,.jpeg,r f,Method2,38971,f,1597
34,test,result2_3,.jpeg,r f,Method2,39699,r,724
35,test,result2_4,.jpeg,r f,Method2,40299,r,596
36,test,result2_5,.jpeg,r f,Method2,41355,r,1052
37,test,result2_6,.jpeg,r f,Method2,43260,r,1902
38,test,result2_7,.jpeg,r f,Method2,44067,f,803
39,test,result2_8,.jpeg,r f,Method2,44835,f,765
40,test,result2_9,.jpeg,r f,Method2,47803,f,2965
41,test,result2_10,.jpeg,r f,Method2,48643,f,837
42,test,result2_12,.jpeg,r f,Method2,49371,f,725
43,test,result2_13,.jpeg,r f,Method2,50259,r,885
44,test,result2_15,.jpeg,r f,Method2,50923,f,661
45,test,result2_16,.jpeg,r f,Method2,51995,f,1069
46,test,result2_18,.jpeg,r f,Method2,54317,r,2318
47,test,result2_23,.jpeg,r f,Method2,56763,r,2443
48,test,result2_24,.jpeg,r f,Method2,57483,f,717
49,test,result2_29,.jpeg,r f,Method2,58187,f,700
50,test,result2_27,.jpeg,r f,Method2,58819,r,629
51,test,result2_30,.jpeg,r f,Method2,59395,r,573
52,test,result2_36,.jpeg,r f,Method2,59947,r,548
53,test,result2_37,.jpeg,r f,Method2,60419,r,469
54,test,result2_35,.jpeg,r f,Method2,61739,f,1317
55,test,result2_38,.jpeg,r f,Method2,63883,r,2141
57,test,result3_0,.jpeg,r f,Method3,66267,r,1515
58,test,result3_1,.jpeg,r f,Method3,67035,r,764
59,test,result3_2,.jpeg,r f,Method3,68707,r,1668
60,test,result3_3,.jpeg,r f,Method3,69459,r,749
61,test,result3_4,.jpeg,r f,Method3,70059,r,596
62,test,result3_5,.jpeg,r f,Method3,71843,f,1780
63,test,result3_6,.jpeg,r f,Method3,72819,r,972
64,test,result3_7,.jpeg,r f,Method3,73547,f,724
65,test,result3_8,.jpeg,r f,Method3,74507,f,956
66,test,result3_9,.jpeg,r f,Method3,75492,f,982
67,test,result3_10,.jpeg,r f,Method3,76627,f,1132
68,test,result3_12,.jpeg,r f,Method3,78115,f,1485
69,test,result3_13,.jpeg,r f,Method3,78987,r,869
70,test,result3_15,.jpeg,r f,Method3,80139,f,1149
71,test,result3_16,.jpeg,r f,Method3,82196,f,2054
72,test,result3_18,.jpeg,r f,Method3,84771,r,2572
73,test,result3_23,.jpeg,r f,Method3,86180,f,1406
74,test,result3_24,.jpeg,r f,Method3,87083,r,900
75,test,result3_29,.jpeg,r f,Method3,88915,r,1828
76,test,result3_27,.jpeg,r f,Method3,89579,r,661
77,test,result3_30,.jpeg,r f,Method3,90683,r,1101
78,test,result3_36,.jpeg,r f,Method3,91371,r,685
79,test,result3_37,.jpeg,r f,Method3,92011,r,637
80,test,result3_35,.jpeg,r f,Method3,92899,r,885
81,test,result3_38,.jpeg,r f,Method3,94691,r,1789
83,test,result4_0,.jpeg,r f,Method4,100212,r,4268
84,test,result4_1,.jpeg,r f,Method4,101123,r,907
85,test,result4_2,.jpeg,r f,Method4,101867,r,740
86,test,result4_3,.jpeg,r f,Method4,102555,r,684
87,test,result4_4,.jpeg,r f,Method4,103091,r,533
88,test,result4_5,.jpeg,r f,Method4,104043,r,949
89,test,result4_6,.jpeg,r f,Method4,104891,r,844
90,test,result4_7,.jpeg,r f,Method4,106467,f,1572
91,test,result4_8,.jpeg,r f,Method4,107891,r,1421
92,test,result4_9,.jpeg,r f,Method4,108971,r,1076
93,test,result4_10,.jpeg,r f,Method4,109675,r,701
94,test,result4_12,.jpeg,r f,Method4,110404,r,726
95,test,result4_13,.jpeg,r f,Method4,111179,r,771
96,test,result4_15,.jpeg,r f,Method4,113907,f,2724
97,test,result4_16,.jpeg,r f,Method4,114931,r,1021
98,test,result4_18,.jpeg,r f,Method4,116003,r,1069
99,test,result4_23,.jpeg,r f,Method4,117659,r,1653
100,test,result4_24,.jpeg,r f,Method4,118555,r,893
101,test,result4_29,.jpeg,r f,Method4,122605,r,4046
102,test,result4_27,.jpeg,r f,Method4,123299,r,688
103,test,result4_30,.jpeg,r f,Method4,124523,r,1221
104,test,result4_36,.jpeg,r f,Method4,125195,r,668
105,test,result4_37,.jpeg,r f,Method4,125923,r,725
106,test,result4_35,.jpeg,r f,Method4,126987,r,1061
107,test,result4_38,.jpeg,r f,Method4,127963,r,972
109,test,target_0,.jpeg,r f,Target,134395,r,1523
110,test,target_1,.jpeg,r f,Target,134971,r,572
111,test,target_2,.jpeg,r f,Target,135499,r,525
112,test,target_3,.jpeg,r f,Target,136843,r,1339
113,test,target_4,.jpeg,r f,Target,138187,f,1340
114,test,target_5,.jpeg,r f,Target,139379,r,1189
115,test,target_6,.jpeg,r f,Target,141747,r,2365
116,test,target_7,.jpeg,r f,Target,142933,r,1182
117,test,target_8,.jpeg,r f,Target,144091,r,1154
118,test,target_9,.jpeg,r f,Target,144987,r,892
119,test,target_10,.jpeg,r f,Target,146195,r,1204
120,test,target_12,.jpeg,r f,Target,147115,f,917
121,test,target_13,.jpeg,r f,Target,147995,r,875
122,test,target_15,.jpeg,r f,Target,148691,r,693
123,test,target_16,.jpeg,r f,Target,149299,r,605
124,test,target_18,.jpeg,r f,Target,150083,r,781
125,test,target_23,.jpeg,r f,Target,151371,r,1285
126,test,target_24,.jpeg,r f,Target,152507,r,1133
127,test,target_29,.jpeg,r f,Target,153228,r,718
128,test,target_27,.jpeg,r f,Target,154019,r,787
129,test,target_30,.jpeg,r f,Target,154788,r,766
130,test,target_36,.jpeg,r f,Target,156083,r,1291
131,test,target_37,.jpeg,r f,Target,157707,r,1621
132,test,target_35,.jpeg,r f,Target,158515,r,805
133,test,target_38,.jpeg,r f,Target,159251,r,732